#VRML V2.0 utf8
DEF TXFM_1 Transform {
  center 0 0 0
  rotation 0 0 1 0
  scale 1 1 1
  scaleOrientation 0 0 1 0
  translation 0 0 0
 children [
DEF TXFM_2 Transform {
  center 0 0 0
  rotation 0 0 1 0
  scale 1 1 1
  scaleOrientation 0 0 1 0
  translation 0 0 0
 children [
DEF TXFM_3 Transform {
  center 0 0 0
  rotation 0 0 1 0
  scale 1 1 1
  scaleOrientation 0 0 1 0
  translation 0 0 0
 children [
DEF SHAPE_1 Shape {
 appearance DEF APP_1 Appearance {
  material Material {
   ambientIntensity 0.19702882
   diffuseColor 0.50753999 0.50753999 0.50753999
   emissiveColor 0 0 0
   shininess 0.1
   specularColor 0.12 0.12 0.12
   transparency 0
} }
 geometry DEF FACE_1 IndexedFaceSet {
  coord DEF COORD_1 Coordinate { point [
  4.2913386 -2.1200787 1.1614173,-3.1102362 -2.1200787 1.1614173,
  -3.1102362 2.1200787 1.1614173,4.2913386 2.1200787 1.1614173,
  1.4724409 -1.5551181 1.1614173,1.4724409 -0.80708661 1.1614173,
  1.4764655 -1.5856873 1.1614173,1.4882647 -1.6141732 1.1614173,
  1.5070346 -1.6386347 1.1614173,1.5314961 -1.6574046 1.1614173,
  1.559982 -1.6692038 1.1614173,1.5905512 -1.6732283 1.1614173,
  2.1417323 -1.6732283 1.1614173,2.2598425 -1.5551181 1.1614173,
  2.255818 -1.5856873 1.1614173,2.2440187 -1.6141732 1.1614173,
  2.2252488 -1.6386347 1.1614173,2.2007874 -1.6574046 1.1614173,
  2.1723015 -1.6692038 1.1614173,2.2598425 -0.80708661 1.1614173,
  2.1417323 -0.68897638 1.1614173,2.1723015 -0.69300089 1.1614173,
  2.2007874 -0.70480015 1.1614173,2.2252488 -0.72357007 1.1614173,
  2.2440187 -0.7480315 1.1614173,2.255818 -0.77651744 1.1614173,
  1.5905512 -0.68897638 1.1614173,1.4764655 -0.77651744 1.1614173,
  1.4882647 -0.7480315 1.1614173,1.5070346 -0.72357007 1.1614173,
  1.5314961 -0.70480015 1.1614173,1.559982 -0.69300089 1.1614173,
  1.4724409 0.80708661 1.1614173,1.4724409 1.5551181 1.1614173,
  1.4764655 0.77651744 1.1614173,1.4882647 0.7480315 1.1614173,
  1.5070346 0.72357007 1.1614173,1.5314961 0.70480015 1.1614173,
  1.559982 0.69300089 1.1614173,1.5905512 0.68897638 1.1614173,
  2.1417323 0.68897638 1.1614173,2.2598425 0.80708661 1.1614173,
  2.255818 0.77651744 1.1614173,2.2440187 0.7480315 1.1614173,
  2.2252488 0.72357007 1.1614173,2.2007874 0.70480015 1.1614173,
  2.1723015 0.69300089 1.1614173,2.2598425 1.5551181 1.1614173,
  2.1417323 1.6732283 1.1614173,2.1723015 1.6692038 1.1614173,
  2.2007874 1.6574046 1.1614173,2.2252488 1.6386347 1.1614173,
  2.2440187 1.6141732 1.1614173,2.255818 1.5856873 1.1614173,
  1.5905512 1.6732283 1.1614173,1.4764655 1.5856873 1.1614173,
  1.4882647 1.6141732 1.1614173,1.5070346 1.6386347 1.1614173,
  1.5314961 1.6574046 1.1614173,1.559982 1.6692038 1.1614173] }
 coordIndex [
  9,1,8,-1,7,8,1,-1,6,7,1,-1,10,1,9,-1,4,6,1,-1,5,4,1,-1,27,5,1,-1,0,11,12,-1,
  0,14,13,-1,0,15,14,-1,0,16,15,-1,0,17,16,-1,0,18,17,-1,0,12,18,-1,0,13,19,-1,0,19,25,-1,
  35,36,29,-1,35,29,28,-1,37,29,36,-1,37,30,29,-1,34,1,2,-1,34,35,28,-1,34,28,27,-1,34,27,1,-1,
  38,31,30,-1,38,30,37,-1,38,26,31,-1,39,20,26,-1,39,26,38,-1,32,34,2,-1,40,20,39,-1,46,20,40,-1,
  46,21,20,-1,46,22,21,-1,45,22,46,-1,44,23,22,-1,44,22,45,-1,43,24,23,-1,43,25,24,-1,43,23,44,-1,
  33,32,2,-1,42,25,43,-1,55,33,2,-1,56,55,2,-1,57,56,2,-1,58,57,2,-1,59,58,2,-1,3,0,25,-1,
  3,42,41,-1,3,41,47,-1,3,49,48,-1,3,50,49,-1,3,51,50,-1,3,52,51,-1,3,53,52,-1,3,47,53,-1,
  3,48,54,-1,3,25,42,-1,0,1,11,-1,11,1,10,-1,2,3,54,-1,2,54,59,-1]
  normalPerVertex TRUE
  normal DEF NORM_1 Normal { vector [
  0 0 -1,0 0 -1,
  0 0 -1,0 0 -1,
  0 0 -1,0 0 -1,
  0 0 -1,0 0 -1,
  0 0 -1,0 0 -1,
  0 0 -1,0 0 -1,
  0 0 -1,0 0 -1,
  0 0 -1,0 0 -1,
  0 0 -1,0 0 -1,
  0 0 -1,0 0 -1,
  0 0 -1,0 0 -1,
  0 0 -1,0 0 -1,
  0 0 -1,0 0 -1,
  0 0 -1,0 0 -1,
  0 0 -1,0 0 -1,
  0 0 -1,0 0 -1,
  0 0 -1,0 0 -1,
  0 0 -1,0 0 -1,
  0 0 -1,0 0 -1,
  0 0 -1,0 0 -1,
  0 0 -1,0 0 -1,
  0 0 -1,0 0 -1,
  0 0 -1,0 0 -1,
  0 0 -1,0 0 -1,
  0 0 -1,0 0 -1,
  0 0 -1,0 0 -1,
  0 0 -1,0 0 -1,
  0 0 -1,0 0 -1,
  0 0 -1,0 0 -1,
  0 0 -1,0 0 -1] }
}
}
DEF SHAPE_2 Shape {
 appearance USE APP_1
 geometry DEF FACE_2 IndexedFaceSet {
  coord DEF COORD_2 Coordinate { point [
  1.4724409 -1.5551181 1.1614173,1.4724409 -0.80708661 1.1614173,
  1.4724409 -1.5551181 1.2795276,1.4724409 -0.80708661 1.2795276] }
 coordIndex [
  1,2,0,-1,1,3,2,-1]
  normalPerVertex TRUE
  normal DEF NORM_2 Normal { vector [
  1 0 0,1 0 0,
  1 0 0,1 0 0] }
}
}
DEF SHAPE_3 Shape {
 appearance USE APP_1
 geometry DEF FACE_3 IndexedFaceSet {
  coord DEF COORD_3 Coordinate { point [
  1.4724409 -1.5551181 1.1614173,1.4764655 -1.5856873 1.1614173,
  1.4882647 -1.6141732 1.1614173,1.5070346 -1.6386347 1.1614173,
  1.5314961 -1.6574046 1.1614173,1.559982 -1.6692038 1.1614173,
  1.5905512 -1.6732283 1.1614173,1.5905512 -1.6732283 1.2795276,
  1.4724409 -1.5551181 1.2795276,1.4764655 -1.5856873 1.2795276,
  1.4882647 -1.6141732 1.2795276,1.5070346 -1.6386347 1.2795276,
  1.5314961 -1.6574046 1.2795276,1.559982 -1.6692038 1.2795276] }
 coordIndex [
  9,1,0,-1,9,0,8,-1,10,2,1,-1,10,1,9,-1,11,3,2,-1,11,2,10,-1,12,4,3,-1,12,3,11,-1,
  13,5,4,-1,13,4,12,-1,7,6,5,-1,7,5,13,-1]
  normalPerVertex TRUE
  normal DEF NORM_3 Normal { vector [
  0.99144486 0.13052619 0,0.95364993 0.30091828 0,
  0.84327172 0.5374875 0,0.67542593 0.73742784 0,
  0.46155098 0.88711369 0,0.21622209 0.9763442 0,
  0.13052619 0.99144486 0,0.13052619 0.99144486 0,
  0.99144486 0.13052619 0,0.9763442 0.21622209 0,
  0.88711369 0.46155098 0,0.73742784 0.67542593 0,
  0.5374875 0.84327172 0,0.30091828 0.95364993 0] }
}
}
DEF SHAPE_4 Shape {
 appearance USE APP_1
 geometry DEF FACE_4 IndexedFaceSet {
  coord DEF COORD_4 Coordinate { point [
  1.4724409 -0.80708661 1.1614173,1.4724409 -0.80708661 1.2795276,
  1.4764655 -0.77651744 1.2795276,1.4882647 -0.7480315 1.2795276,
  1.5070346 -0.72357007 1.2795276,1.5314961 -0.70480015 1.2795276,
  1.559982 -0.69300089 1.2795276,1.5905512 -0.68897638 1.2795276,
  1.5905512 -0.68897638 1.1614173,1.4764655 -0.77651744 1.1614173,
  1.4882647 -0.7480315 1.1614173,1.5070346 -0.72357007 1.1614173,
  1.5314961 -0.70480015 1.1614173,1.559982 -0.69300089 1.1614173] }
 coordIndex [
  7,13,8,-1,6,13,7,-1,5,12,13,-1,5,13,6,-1,4,11,12,-1,4,12,5,-1,3,10,11,-1,3,11,4,-1,
  2,9,10,-1,2,10,3,-1,1,0,9,-1,1,9,2,-1]
  normalPerVertex TRUE
  normal DEF NORM_4 Normal { vector [
  0.99144486 -0.13052619 0,0.99144486 -0.13052619 0,
  0.95364993 -0.30091828 0,0.84327172 -0.5374875 0,
  0.67542593 -0.73742784 0,0.46155098 -0.88711369 0,
  0.25881905 -0.96592583 0,0.13052619 -0.99144486 0,
  0.13052619 -0.99144486 0,0.9763442 -0.21622209 0,
  0.88711369 -0.46155098 0,0.73742784 -0.67542593 0,
  0.5374875 -0.84327172 0,0.25881905 -0.96592583 0] }
}
}
DEF SHAPE_5 Shape {
 appearance USE APP_1
 geometry DEF FACE_5 IndexedFaceSet {
  coord DEF COORD_5 Coordinate { point [
  2.1417323 -1.6732283 1.1614173,1.5905512 -1.6732283 1.1614173,
  2.1417323 -1.6732283 1.2795276,1.5905512 -1.6732283 1.2795276] }
 coordIndex [
  1,2,0,-1,1,3,2,-1]
  normalPerVertex TRUE
  normal DEF NORM_5 Normal { vector [
  0 1 0,0 1 0,
  0 1 0,0 1 0] }
}
}
DEF SHAPE_6 Shape {
 appearance USE APP_1
 geometry DEF FACE_6 IndexedFaceSet {
  coord DEF COORD_6 Coordinate { point [
  1.5905512 -0.68897638 1.1614173,2.1417323 -0.68897638 1.1614173,
  1.5905512 -0.68897638 1.2795276,2.1417323 -0.68897638 1.2795276] }
 coordIndex [
  1,2,0,-1,1,3,2,-1]
  normalPerVertex TRUE
  normal DEF NORM_6 Normal { vector [
  0 -1 0,0 -1 0,
  0 -1 0,0 -1 0] }
}
}
DEF SHAPE_7 Shape {
 appearance USE APP_1
 geometry DEF FACE_7 IndexedFaceSet {
  coord DEF COORD_7 Coordinate { point [
  2.2598425 -1.5551181 1.1614173,2.2598425 -1.5551181 1.2795276,
  2.255818 -1.5856873 1.2795276,2.2440187 -1.6141732 1.2795276,
  2.2252488 -1.6386347 1.2795276,2.2007874 -1.6574046 1.2795276,
  2.1723015 -1.6692038 1.2795276,2.1417323 -1.6732283 1.2795276,
  2.1417323 -1.6732283 1.1614173,2.255818 -1.5856873 1.1614173,
  2.2440187 -1.6141732 1.1614173,2.2252488 -1.6386347 1.1614173,
  2.2007874 -1.6574046 1.1614173,2.1723015 -1.6692038 1.1614173] }
 coordIndex [
  6,8,7,-1,6,13,8,-1,5,12,13,-1,5,13,6,-1,4,11,12,-1,4,12,5,-1,3,10,11,-1,3,11,4,-1,
  2,9,10,-1,2,10,3,-1,1,0,9,-1,1,9,2,-1]
  normalPerVertex TRUE
  normal DEF NORM_7 Normal { vector [
  -0.99144486 0.13052619 0,-0.99144486 0.13052619 0,
  -0.95364993 0.30091828 0,-0.84327172 0.5374875 0,
  -0.67542593 0.73742784 0,-0.46155098 0.88711369 0,
  -0.21622209 0.9763442 0,-0.13052619 0.99144486 0,
  -0.13052619 0.99144486 0,-0.9763442 0.21622209 0,
  -0.88711369 0.46155098 0,-0.73742784 0.67542593 0,
  -0.5374875 0.84327172 0,-0.30091828 0.95364993 0] }
}
}
DEF SHAPE_8 Shape {
 appearance USE APP_1
 geometry DEF FACE_8 IndexedFaceSet {
  coord DEF COORD_8 Coordinate { point [
  2.1417323 -0.68897638 1.1614173,2.1417323 -0.68897638 1.2795276,
  2.1723015 -0.69300089 1.2795276,2.2007874 -0.70480015 1.2795276,
  2.2252488 -0.72357007 1.2795276,2.2440187 -0.7480315 1.2795276,
  2.255818 -0.77651744 1.2795276,2.2598425 -0.80708661 1.2795276,
  2.2598425 -0.80708661 1.1614173,2.1723015 -0.69300089 1.1614173,
  2.2007874 -0.70480015 1.1614173,2.2252488 -0.72357007 1.1614173,
  2.2440187 -0.7480315 1.1614173,2.255818 -0.77651744 1.1614173] }
 coordIndex [
  6,8,7,-1,6,13,8,-1,5,12,13,-1,5,13,6,-1,4,11,12,-1,4,12,5,-1,3,10,11,-1,3,11,4,-1,
  2,9,10,-1,2,10,3,-1,1,0,9,-1,1,9,2,-1]
  normalPerVertex TRUE
  normal DEF NORM_8 Normal { vector [
  -0.13052619 -0.99144486 0,-0.13052619 -0.99144486 0,
  -0.30091828 -0.95364993 0,-0.5374875 -0.84327172 0,
  -0.73742784 -0.67542593 0,-0.88711369 -0.46155098 0,
  -0.9763442 -0.21622209 0,-0.99144486 -0.13052619 0,
  -0.99144486 -0.13052619 0,-0.21622209 -0.9763442 0,
  -0.46155098 -0.88711369 0,-0.67542593 -0.73742784 0,
  -0.84327172 -0.5374875 0,-0.95364993 -0.30091828 0] }
}
}
DEF SHAPE_9 Shape {
 appearance USE APP_1
 geometry DEF FACE_9 IndexedFaceSet {
  coord DEF COORD_9 Coordinate { point [
  2.2598425 -0.80708661 1.1614173,2.2598425 -1.5551181 1.1614173,
  2.2598425 -0.80708661 1.2795276,2.2598425 -1.5551181 1.2795276] }
 coordIndex [
  1,2,0,-1,1,3,2,-1]
  normalPerVertex TRUE
  normal DEF NORM_9 Normal { vector [
  -1 0 0,-1 0 0,
  -1 0 0,-1 0 0] }
}
}
DEF SHAPE_10 Shape {
 appearance USE APP_1
 geometry DEF FACE_10 IndexedFaceSet {
  coord DEF COORD_10 Coordinate { point [
  4.2913386 -2.1200787 1.1614173,-3.1102362 -2.1200787 1.1614173,
  -3.1102362 -2.1547238 1.1568562,-3.1102362 -2.1870079 1.1434837,
  -3.1102362 -2.2147308 1.1222111,-3.1102362 -2.2360034 1.0944882,
  -3.1102362 -2.2493759 1.0622041,-3.1102362 -2.253937 1.0275591,
  4.2913386 -2.253937 1.0275591,4.2913386 -2.1547238 1.1568562,
  4.2913386 -2.1870079 1.1434837,4.2913386 -2.2147308 1.1222111,
  4.2913386 -2.2360034 1.0944882,4.2913386 -2.2493759 1.0622041] }
 coordIndex [
  9,1,0,-1,9,2,1,-1,10,3,2,-1,10,2,9,-1,11,4,3,-1,11,3,10,-1,12,5,4,-1,12,4,11,-1,
  13,6,5,-1,13,5,12,-1,8,7,6,-1,8,6,13,-1]
  normalPerVertex TRUE
  normal DEF NORM_10 Normal { vector [
  0 0.13052619 -0.99144486,0 0.13052619 -0.99144486,
  0 0.30091828 -0.95364993,0 0.5374875 -0.84327172,
  0 0.73742784 -0.67542593,0 0.88711369 -0.46155098,
  0 0.9763442 -0.21622209,0 0.99144486 -0.13052619,
  0 0.99144486 -0.13052619,0 0.21622209 -0.9763442,
  0 0.46155098 -0.88711369,0 0.67542593 -0.73742784,
  0 0.84327172 -0.5374875,0 0.95364993 -0.30091828] }
}
}
DEF SHAPE_11 Shape {
 appearance USE APP_1
 geometry DEF FACE_11 IndexedFaceSet {
  coord DEF COORD_11 Coordinate { point [
  4.2913386 -2.3720472 -0.24015748,4.2913386 -2.3720472 1.0275591,
  4.2913386 -2.1200787 1.2795276,4.2913386 -2.185293 1.2709419,
  4.2913386 -2.246063 1.2457702,4.2913386 -2.2982474 1.2057277,
  4.2913386 -2.3382899 1.1535433,4.2913386 -2.3634616 1.0927733,
  4.2913386 2.1200787 1.2795276,4.2913386 2.3720472 1.0275591,
  4.2913386 2.3634616 1.0927733,4.2913386 2.3382899 1.1535433,
  4.2913386 2.2982474 1.2057277,4.2913386 2.246063 1.2457702,
  4.2913386 2.185293 1.2709419,4.2913386 2.3720472 -0.24015748,
  4.2913386 2.1200787 -0.49212598,4.2913386 2.185293 -0.48354037,
  4.2913386 2.246063 -0.45836861,4.2913386 2.2982474 -0.41832612,
  4.2913386 2.3382899 -0.36614173,4.2913386 2.3634616 -0.30537173,
  4.2913386 -2.1200787 -0.49212598,4.2913386 -2.3634616 -0.30537173,
  4.2913386 -2.3382899 -0.36614173,4.2913386 -2.2982474 -0.41832612,
  4.2913386 -2.246063 -0.45836861,4.2913386 -2.185293 -0.48354037,
  4.2913386 -2.253937 -0.24015748,4.2913386 -2.2493759 -0.27480255,
  4.2913386 -2.2360034 -0.30708661,4.2913386 -2.2147308 -0.33480957,
  4.2913386 -2.1870079 -0.35608214,4.2913386 -2.1547238 -0.36945464,
  4.2913386 -2.1200787 -0.37401575,4.2913386 2.1200787 -0.37401575,
  4.2913386 2.1547238 -0.36945464,4.2913386 2.1870079 -0.35608214,
  4.2913386 2.2147308 -0.33480957,4.2913386 2.2360034 -0.30708661,
  4.2913386 2.2493759 -0.27480255,4.2913386 2.253937 -0.24015748,
  4.2913386 2.253937 1.0275591,4.2913386 2.2493759 1.0622041,
  4.2913386 2.2360034 1.0944882,4.2913386 2.2147308 1.1222111,
  4.2913386 2.1870079 1.1434837,4.2913386 2.1547238 1.1568562,
  4.2913386 2.1200787 1.1614173,4.2913386 -2.1200787 1.1614173,
  4.2913386 -2.1547238 1.1568562,4.2913386 -2.1870079 1.1434837,
  4.2913386 -2.2147308 1.1222111,4.2913386 -2.2360034 1.0944882,
  4.2913386 -2.2493759 1.0622041,4.2913386 -2.253937 1.0275591] }
 coordIndex [
  32,25,26,-1,32,31,25,-1,30,24,25,-1,30,25,31,-1,29,0,23,-1,29,23,24,-1,29,24,30,-1,33,26,27,-1,
  33,32,26,-1,34,27,22,-1,34,33,27,-1,28,0,29,-1,55,1,0,-1,55,0,28,-1,54,7,1,-1,54,1,55,-1,
  53,6,7,-1,53,7,54,-1,52,5,6,-1,52,6,53,-1,4,5,52,-1,4,52,51,-1,50,4,51,-1,3,4,50,-1,
  2,3,50,-1,2,50,49,-1,35,22,16,-1,35,34,22,-1,36,16,17,-1,36,35,16,-1,37,36,17,-1,37,17,18,-1,
  19,37,18,-1,19,38,37,-1,20,38,19,-1,20,39,38,-1,40,39,20,-1,21,40,20,-1,15,41,40,-1,15,40,21,-1,
  8,2,49,-1,8,49,48,-1,9,42,41,-1,9,41,15,-1,10,43,42,-1,10,42,9,-1,14,47,46,-1,14,48,47,-1,
  14,8,48,-1,11,44,43,-1,11,43,10,-1,13,14,46,-1,12,45,44,-1,12,46,45,-1,12,13,46,-1,12,44,11,-1]
  normalPerVertex TRUE
  normal DEF NORM_11 Normal { vector [
  1 0 0,1 0 0,
  1 0 0,1 0 0,
  1 0 0,1 0 0,
  1 0 0,1 0 0,
  1 0 0,1 0 0,
  1 0 0,1 0 0,
  1 0 0,1 0 0,
  1 0 0,1 0 0,
  1 0 0,1 0 0,
  1 0 0,1 0 0,
  1 0 0,1 0 0,
  1 0 0,1 0 0,
  1 0 0,1 0 0,
  1 0 0,1 0 0,
  1 0 0,1 0 0,
  1 0 0,1 0 0,
  1 0 0,1 0 0,
  1 0 0,1 0 0,
  1 0 0,1 0 0,
  1 0 0,1 0 0,
  1 0 0,1 0 0,
  1 0 0,1 0 0,
  1 0 0,1 0 0,
  1 0 0,1 0 0,
  1 0 0,1 0 0,
  1 0 0,1 0 0,
  1 0 0,1 0 0,
  1 0 0,1 0 0] }
}
}
DEF SHAPE_12 Shape {
 appearance USE APP_1
 geometry DEF FACE_12 IndexedFaceSet {
  coord DEF COORD_12 Coordinate { point [
  -3.1102362 -2.253937 0.098425197,-3.1102362 -2.3720472 0.098425197,
  -3.1102362 -2.3720472 1.0275591,-3.1102362 -2.1200787 1.2795276,
  -3.1102362 -2.185293 1.2709419,-3.1102362 -2.246063 1.2457702,
  -3.1102362 -2.2982474 1.2057277,-3.1102362 -2.3382899 1.1535433,
  -3.1102362 -2.3634616 1.0927733,-3.1102362 2.1200787 1.2795276,
  -3.1102362 2.3720472 1.0275591,-3.1102362 2.3634616 1.0927733,
  -3.1102362 2.3382899 1.1535433,-3.1102362 2.2982474 1.2057277,
  -3.1102362 2.246063 1.2457702,-3.1102362 2.185293 1.2709419,
  -3.1102362 2.3720472 0.098425197,-3.1102362 2.253937 0.098425197,
  -3.1102362 2.253937 1.0275591,-3.1102362 2.2493759 1.0622041,
  -3.1102362 2.2360034 1.0944882,-3.1102362 2.2147308 1.1222111,
  -3.1102362 2.1870079 1.1434837,-3.1102362 2.1547238 1.1568562,
  -3.1102362 2.1200787 1.1614173,-3.1102362 -2.1200787 1.1614173,
  -3.1102362 -2.1547238 1.1568562,-3.1102362 -2.1870079 1.1434837,
  -3.1102362 -2.2147308 1.1222111,-3.1102362 -2.2360034 1.0944882,
  -3.1102362 -2.2493759 1.0622041,-3.1102362 -2.253937 1.0275591] }
 coordIndex [
  31,0,1,-1,31,1,2,-1,30,2,8,-1,30,31,2,-1,29,8,7,-1,29,30,8,-1,28,29,7,-1,6,28,7,-1,
  5,27,28,-1,5,28,6,-1,4,26,27,-1,4,27,5,-1,3,25,26,-1,3,26,4,-1,9,24,25,-1,9,25,3,-1,
  10,16,17,-1,10,17,18,-1,11,18,19,-1,11,10,18,-1,15,23,24,-1,15,24,9,-1,12,19,20,-1,12,11,19,-1,
  14,21,22,-1,14,22,23,-1,14,23,15,-1,13,20,21,-1,13,12,20,-1,13,21,14,-1]
  normalPerVertex TRUE
  normal DEF NORM_12 Normal { vector [
  -1 0 0,-1 0 0,
  -1 0 0,-1 0 0,
  -1 0 0,-1 0 0,
  -1 0 0,-1 0 0,
  -1 0 0,-1 0 0,
  -1 0 0,-1 0 0,
  -1 0 0,-1 0 0,
  -1 0 0,-1 0 0,
  -1 0 0,-1 0 0,
  -1 0 0,-1 0 0,
  -1 0 0,-1 0 0,
  -1 0 0,-1 0 0,
  -1 0 0,-1 0 0,
  -1 0 0,-1 0 0,
  -1 0 0,-1 0 0,
  -1 0 0,-1 0 0] }
}
}
DEF SHAPE_13 Shape {
 appearance USE APP_1
 geometry DEF FACE_13 IndexedFaceSet {
  coord DEF COORD_13 Coordinate { point [
  4.2913386 2.253937 1.0275591,-3.1102362 2.253937 1.0275591,
  -3.1102362 2.2493759 1.0622041,-3.1102362 2.2360034 1.0944882,
  -3.1102362 2.2147308 1.1222111,-3.1102362 2.1870079 1.1434837,
  -3.1102362 2.1547238 1.1568562,-3.1102362 2.1200787 1.1614173,
  4.2913386 2.1200787 1.1614173,4.2913386 2.2493759 1.0622041,
  4.2913386 2.2360034 1.0944882,4.2913386 2.2147308 1.1222111,
  4.2913386 2.1870079 1.1434837,4.2913386 2.1547238 1.1568562] }
 coordIndex [
  9,1,0,-1,9,2,1,-1,10,3,2,-1,10,2,9,-1,11,4,3,-1,11,5,4,-1,11,3,10,-1,12,5,11,-1,
  13,6,5,-1,13,5,12,-1,8,7,6,-1,8,6,13,-1]
  normalPerVertex TRUE
  normal DEF NORM_13 Normal { vector [
  0 -0.99144486 -0.13052619,0 -0.99144486 -0.13052619,
  0 -0.95364993 -0.30091828,0 -0.84327172 -0.5374875,
  0 -0.70710678 -0.70710678,0 -0.5 -0.8660254,
  0 -0.21622209 -0.9763442,0 -0.13052619 -0.99144486,
  0 -0.13052619 -0.99144486,0 -0.9763442 -0.21622209,
  0 -0.88711369 -0.46155098,0 -0.70710678 -0.70710678,
  0 -0.5 -0.8660254,0 -0.30091828 -0.95364993] }
}
}
DEF SHAPE_14 Shape {
 appearance USE APP_1
 geometry DEF FACE_14 IndexedFaceSet {
  coord DEF COORD_14 Coordinate { point [
  1.4724409 0.80708661 1.1614173,1.4724409 1.5551181 1.1614173,
  1.4724409 0.80708661 1.2795276,1.4724409 1.5551181 1.2795276] }
 coordIndex [
  1,2,0,-1,1,3,2,-1]
  normalPerVertex TRUE
  normal DEF NORM_14 Normal { vector [
  1 0 0,1 0 0,
  1 0 0,1 0 0] }
}
}
DEF SHAPE_15 Shape {
 appearance USE APP_1
 geometry DEF FACE_15 IndexedFaceSet {
  coord DEF COORD_15 Coordinate { point [
  1.4724409 0.80708661 1.1614173,1.4764655 0.77651744 1.1614173,
  1.4882647 0.7480315 1.1614173,1.5070346 0.72357007 1.1614173,
  1.5314961 0.70480015 1.1614173,1.559982 0.69300089 1.1614173,
  1.5905512 0.68897638 1.1614173,1.5905512 0.68897638 1.2795276,
  1.4724409 0.80708661 1.2795276,1.4764655 0.77651744 1.2795276,
  1.4882647 0.7480315 1.2795276,1.5070346 0.72357007 1.2795276,
  1.5314961 0.70480015 1.2795276,1.559982 0.69300089 1.2795276] }
 coordIndex [
  9,1,0,-1,9,0,8,-1,10,2,1,-1,10,1,9,-1,11,3,2,-1,11,2,10,-1,12,4,3,-1,12,3,11,-1,
  13,5,4,-1,13,4,12,-1,7,6,5,-1,7,5,13,-1]
  normalPerVertex TRUE
  normal DEF NORM_15 Normal { vector [
  0.99144486 0.13052619 0,0.95364993 0.30091828 0,
  0.84327172 0.5374875 0,0.67542593 0.73742784 0,
  0.46155098 0.88711369 0,0.21622209 0.9763442 0,
  0.13052619 0.99144486 0,0.13052619 0.99144486 0,
  0.99144486 0.13052619 0,0.9763442 0.21622209 0,
  0.88711369 0.46155098 0,0.73742784 0.67542593 0,
  0.5374875 0.84327172 0,0.30091828 0.95364993 0] }
}
}
DEF SHAPE_16 Shape {
 appearance USE APP_1
 geometry DEF FACE_16 IndexedFaceSet {
  coord DEF COORD_16 Coordinate { point [
  1.4724409 1.5551181 1.1614173,1.4724409 1.5551181 1.2795276,
  1.4764655 1.5856873 1.2795276,1.4882647 1.6141732 1.2795276,
  1.5070346 1.6386347 1.2795276,1.5314961 1.6574046 1.2795276,
  1.559982 1.6692038 1.2795276,1.5905512 1.6732283 1.2795276,
  1.5905512 1.6732283 1.1614173,1.4764655 1.5856873 1.1614173,
  1.4882647 1.6141732 1.1614173,1.5070346 1.6386347 1.1614173,
  1.5314961 1.6574046 1.1614173,1.559982 1.6692038 1.1614173] }
 coordIndex [
  6,8,7,-1,6,13,8,-1,5,12,13,-1,5,13,6,-1,4,11,12,-1,4,12,5,-1,3,10,11,-1,3,11,4,-1,
  2,9,10,-1,2,10,3,-1,1,0,9,-1,1,9,2,-1]
  normalPerVertex TRUE
  normal DEF NORM_16 Normal { vector [
  0.99144486 -0.13052619 0,0.99144486 -0.13052619 0,
  0.95364993 -0.30091828 0,0.84327172 -0.5374875 0,
  0.67542593 -0.73742784 0,0.46155098 -0.88711369 0,
  0.21622209 -0.9763442 0,0.13052619 -0.99144486 0,
  0.13052619 -0.99144486 0,0.9763442 -0.21622209 0,
  0.88711369 -0.46155098 0,0.73742784 -0.67542593 0,
  0.5374875 -0.84327172 0,0.30091828 -0.95364993 0] }
}
}
DEF SHAPE_17 Shape {
 appearance USE APP_1
 geometry DEF FACE_17 IndexedFaceSet {
  coord DEF COORD_17 Coordinate { point [
  2.1417323 0.68897638 1.1614173,1.5905512 0.68897638 1.1614173,
  2.1417323 0.68897638 1.2795276,1.5905512 0.68897638 1.2795276] }
 coordIndex [
  1,2,0,-1,1,3,2,-1]
  normalPerVertex TRUE
  normal DEF NORM_17 Normal { vector [
  0 1 0,0 1 0,
  0 1 0,0 1 0] }
}
}
DEF SHAPE_18 Shape {
 appearance USE APP_1
 geometry DEF FACE_18 IndexedFaceSet {
  coord DEF COORD_18 Coordinate { point [
  1.5905512 1.6732283 1.1614173,2.1417323 1.6732283 1.1614173,
  1.5905512 1.6732283 1.2795276,2.1417323 1.6732283 1.2795276] }
 coordIndex [
  1,2,0,-1,1,3,2,-1]
  normalPerVertex TRUE
  normal DEF NORM_18 Normal { vector [
  0 -1 0,0 -1 0,
  0 -1 0,0 -1 0] }
}
}
DEF SHAPE_19 Shape {
 appearance USE APP_1
 geometry DEF FACE_19 IndexedFaceSet {
  coord DEF COORD_19 Coordinate { point [
  2.2598425 0.80708661 1.1614173,2.2598425 0.80708661 1.2795276,
  2.255818 0.77651744 1.2795276,2.2440187 0.7480315 1.2795276,
  2.2252488 0.72357007 1.2795276,2.2007874 0.70480015 1.2795276,
  2.1723015 0.69300089 1.2795276,2.1417323 0.68897638 1.2795276,
  2.1417323 0.68897638 1.1614173,2.255818 0.77651744 1.1614173,
  2.2440187 0.7480315 1.1614173,2.2252488 0.72357007 1.1614173,
  2.2007874 0.70480015 1.1614173,2.1723015 0.69300089 1.1614173] }
 coordIndex [
  7,13,8,-1,6,13,7,-1,5,12,13,-1,5,13,6,-1,4,11,12,-1,4,12,5,-1,3,10,11,-1,3,11,4,-1,
  2,9,10,-1,2,10,3,-1,1,0,9,-1,1,9,2,-1]
  normalPerVertex TRUE
  normal DEF NORM_19 Normal { vector [
  -0.99144486 0.13052619 0,-0.99144486 0.13052619 0,
  -0.95364993 0.30091828 0,-0.84327172 0.5374875 0,
  -0.67542593 0.73742784 0,-0.46155098 0.88711369 0,
  -0.25881905 0.96592583 0,-0.13052619 0.99144486 0,
  -0.13052619 0.99144486 0,-0.9763442 0.21622209 0,
  -0.88711369 0.46155098 0,-0.73742784 0.67542593 0,
  -0.5374875 0.84327172 0,-0.25881905 0.96592583 0] }
}
}
DEF SHAPE_20 Shape {
 appearance USE APP_1
 geometry DEF FACE_20 IndexedFaceSet {
  coord DEF COORD_20 Coordinate { point [
  2.1417323 1.6732283 1.1614173,2.1417323 1.6732283 1.2795276,
  2.1723015 1.6692038 1.2795276,2.2007874 1.6574046 1.2795276,
  2.2252488 1.6386347 1.2795276,2.2440187 1.6141732 1.2795276,
  2.255818 1.5856873 1.2795276,2.2598425 1.5551181 1.2795276,
  2.2598425 1.5551181 1.1614173,2.1723015 1.6692038 1.1614173,
  2.2007874 1.6574046 1.1614173,2.2252488 1.6386347 1.1614173,
  2.2440187 1.6141732 1.1614173,2.255818 1.5856873 1.1614173] }
 coordIndex [
  6,8,7,-1,6,13,8,-1,5,12,13,-1,5,13,6,-1,4,11,12,-1,4,12,5,-1,3,10,11,-1,3,11,4,-1,
  2,9,10,-1,2,10,3,-1,1,0,9,-1,1,9,2,-1]
  normalPerVertex TRUE
  normal DEF NORM_20 Normal { vector [
  -0.13052619 -0.99144486 0,-0.13052619 -0.99144486 0,
  -0.30091828 -0.95364993 0,-0.5374875 -0.84327172 0,
  -0.73742784 -0.67542593 0,-0.88711369 -0.46155098 0,
  -0.9763442 -0.21622209 0,-0.99144486 -0.13052619 0,
  -0.99144486 -0.13052619 0,-0.21622209 -0.9763442 0,
  -0.46155098 -0.88711369 0,-0.67542593 -0.73742784 0,
  -0.84327172 -0.5374875 0,-0.95364993 -0.30091828 0] }
}
}
DEF SHAPE_21 Shape {
 appearance USE APP_1
 geometry DEF FACE_21 IndexedFaceSet {
  coord DEF COORD_21 Coordinate { point [
  2.2598425 1.5551181 1.1614173,2.2598425 0.80708661 1.1614173,
  2.2598425 1.5551181 1.2795276,2.2598425 0.80708661 1.2795276] }
 coordIndex [
  1,2,0,-1,1,3,2,-1]
  normalPerVertex TRUE
  normal DEF NORM_21 Normal { vector [
  -1 0 0,-1 0 0,
  -1 0 0,-1 0 0] }
}
}
DEF SHAPE_22 Shape {
 appearance USE APP_1
 geometry DEF FACE_22 IndexedFaceSet {
  coord DEF COORD_22 Coordinate { point [
  4.2913386 -2.1200787 1.2795276,-3.1102362 -2.1200787 1.2795276,
  -3.1102362 2.1200787 1.2795276,4.2913386 2.1200787 1.2795276,
  1.4724409 -1.5551181 1.2795276,1.4724409 -0.80708661 1.2795276,
  1.4764655 -1.5856873 1.2795276,1.4882647 -1.6141732 1.2795276,
  1.5070346 -1.6386347 1.2795276,1.5314961 -1.6574046 1.2795276,
  1.559982 -1.6692038 1.2795276,1.5905512 -1.6732283 1.2795276,
  2.1417323 -1.6732283 1.2795276,2.2598425 -1.5551181 1.2795276,
  2.255818 -1.5856873 1.2795276,2.2440187 -1.6141732 1.2795276,
  2.2252488 -1.6386347 1.2795276,2.2007874 -1.6574046 1.2795276,
  2.1723015 -1.6692038 1.2795276,2.2598425 -0.80708661 1.2795276,
  2.1417323 -0.68897638 1.2795276,2.1723015 -0.69300089 1.2795276,
  2.2007874 -0.70480015 1.2795276,2.2252488 -0.72357007 1.2795276,
  2.2440187 -0.7480315 1.2795276,2.255818 -0.77651744 1.2795276,
  1.5905512 -0.68897638 1.2795276,1.4764655 -0.77651744 1.2795276,
  1.4882647 -0.7480315 1.2795276,1.5070346 -0.72357007 1.2795276,
  1.5314961 -0.70480015 1.2795276,1.559982 -0.69300089 1.2795276,
  1.4724409 0.80708661 1.2795276,1.4724409 1.5551181 1.2795276,
  1.4764655 0.77651744 1.2795276,1.4882647 0.7480315 1.2795276,
  1.5070346 0.72357007 1.2795276,1.5314961 0.70480015 1.2795276,
  1.559982 0.69300089 1.2795276,1.5905512 0.68897638 1.2795276,
  2.1417323 0.68897638 1.2795276,2.2598425 0.80708661 1.2795276,
  2.255818 0.77651744 1.2795276,2.2440187 0.7480315 1.2795276,
  2.2252488 0.72357007 1.2795276,2.2007874 0.70480015 1.2795276,
  2.1723015 0.69300089 1.2795276,2.2598425 1.5551181 1.2795276,
  2.1417323 1.6732283 1.2795276,2.1723015 1.6692038 1.2795276,
  2.2007874 1.6574046 1.2795276,2.2252488 1.6386347 1.2795276,
  2.2440187 1.6141732 1.2795276,2.255818 1.5856873 1.2795276,
  1.5905512 1.6732283 1.2795276,1.4764655 1.5856873 1.2795276,
  1.4882647 1.6141732 1.2795276,1.5070346 1.6386347 1.2795276,
  1.5314961 1.6574046 1.2795276,1.559982 1.6692038 1.2795276] }
 coordIndex [
  9,8,1,-1,7,1,8,-1,6,1,7,-1,10,9,1,-1,4,1,6,-1,5,1,4,-1,27,1,5,-1,0,12,11,-1,
  0,13,14,-1,0,14,15,-1,0,15,16,-1,0,16,17,-1,0,17,18,-1,0,18,12,-1,0,19,13,-1,0,25,19,-1,
  35,29,36,-1,35,28,29,-1,37,36,29,-1,37,29,30,-1,34,2,1,-1,34,28,35,-1,34,27,28,-1,34,1,27,-1,
  38,30,31,-1,38,37,30,-1,38,31,26,-1,39,26,20,-1,39,38,26,-1,32,2,34,-1,40,39,20,-1,46,40,20,-1,
  46,20,21,-1,46,21,22,-1,45,46,22,-1,44,22,23,-1,44,45,22,-1,43,23,24,-1,43,24,25,-1,43,44,23,-1,
  33,2,32,-1,42,43,25,-1,55,2,33,-1,56,2,55,-1,57,2,56,-1,58,2,57,-1,59,2,58,-1,3,25,0,-1,
  3,41,42,-1,3,47,41,-1,3,48,49,-1,3,49,50,-1,3,50,51,-1,3,51,52,-1,3,52,53,-1,3,53,47,-1,
  3,54,48,-1,3,42,25,-1,0,11,1,-1,11,10,1,-1,2,54,3,-1,2,59,54,-1]
  normalPerVertex TRUE
  normal DEF NORM_22 Normal { vector [
  0 0 1,0 0 1,
  0 0 1,0 0 1,
  0 0 1,0 0 1,
  0 0 1,0 0 1,
  0 0 1,0 0 1,
  0 0 1,0 0 1,
  0 0 1,0 0 1,
  0 0 1,0 0 1,
  0 0 1,0 0 1,
  0 0 1,0 0 1,
  0 0 1,0 0 1,
  0 0 1,0 0 1,
  0 0 1,0 0 1,
  0 0 1,0 0 1,
  0 0 1,0 0 1,
  0 0 1,0 0 1,
  0 0 1,0 0 1,
  0 0 1,0 0 1,
  0 0 1,0 0 1,
  0 0 1,0 0 1,
  0 0 1,0 0 1,
  0 0 1,0 0 1,
  0 0 1,0 0 1,
  0 0 1,0 0 1,
  0 0 1,0 0 1,
  0 0 1,0 0 1,
  0 0 1,0 0 1,
  0 0 1,0 0 1,
  0 0 1,0 0 1,
  0 0 1,0 0 1] }
}
}
DEF SHAPE_23 Shape {
 appearance USE APP_1
 geometry DEF FACE_23 IndexedFaceSet {
  coord DEF COORD_23 Coordinate { point [
  4.2913386 -2.253937 -0.24015748,4.2913386 -2.253937 1.0275591,
  -1.496063 -2.253937 -0.24015748,-1.496063 -2.253937 0.098425197,
  -2.3228346 -2.253937 0.098425197,-3.1102362 -2.253937 0.098425197,
  -3.1102362 -2.253937 1.0275591] }
 coordIndex [
  6,4,5,-1,3,4,6,-1,0,2,3,-1,1,0,3,-1,1,3,6,-1]
  normalPerVertex TRUE
  normal DEF NORM_23 Normal { vector [
  0 1 0,0 1 0,
  0 1 0,0 1 0,
  0 1 0,0 1 0,
  0 1 0] }
}
}
DEF SHAPE_24 Shape {
 appearance USE APP_1
 geometry DEF FACE_24 IndexedFaceSet {
  coord DEF COORD_24 Coordinate { point [
  4.2913386 -2.3720472 -0.24015748,4.2913386 -2.3720472 1.0275591,
  -1.496063 -2.3720472 -0.24015748,-1.496063 -2.3720472 0.098425197,
  -2.3228346 -2.3720472 0.098425197,-3.1102362 -2.3720472 0.098425197,
  -3.1102362 -2.3720472 1.0275591] }
 coordIndex [
  6,5,4,-1,3,6,4,-1,0,3,2,-1,1,3,0,-1,1,6,3,-1]
  normalPerVertex TRUE
  normal DEF NORM_24 Normal { vector [
  0 -1 0,0 -1 0,
  0 -1 0,0 -1 0,
  0 -1 0,0 -1 0,
  0 -1 0] }
}
}
DEF SHAPE_25 Shape {
 appearance USE APP_1
 geometry DEF FACE_25 IndexedFaceSet {
  coord DEF COORD_25 Coordinate { point [
  4.2913386 -2.1200787 1.2795276,-3.1102362 -2.1200787 1.2795276,
  -3.1102362 -2.185293 1.2709419,-3.1102362 -2.246063 1.2457702,
  -3.1102362 -2.2982474 1.2057277,-3.1102362 -2.3382899 1.1535433,
  -3.1102362 -2.3634616 1.0927733,-3.1102362 -2.3720472 1.0275591,
  4.2913386 -2.3720472 1.0275591,4.2913386 -2.185293 1.2709419,
  4.2913386 -2.246063 1.2457702,4.2913386 -2.2982474 1.2057277,
  4.2913386 -2.3382899 1.1535433,4.2913386 -2.3634616 1.0927733] }
 coordIndex [
  9,0,1,-1,9,1,2,-1,10,2,3,-1,10,9,2,-1,11,3,4,-1,11,10,3,-1,12,4,5,-1,12,11,4,-1,
  13,5,6,-1,13,12,5,-1,8,6,7,-1,8,13,6,-1]
  normalPerVertex TRUE
  normal DEF NORM_25 Normal { vector [
  0 -0.13052619 0.99144486,0 -0.13052619 0.99144486,
  0 -0.30091828 0.95364993,0 -0.5374875 0.84327172,
  0 -0.73742784 0.67542593,0 -0.88711369 0.46155098,
  0 -0.9763442 0.21622209,0 -0.99144486 0.13052619,
  0 -0.99144486 0.13052619,0 -0.21622209 0.9763442,
  0 -0.46155098 0.88711369,0 -0.67542593 0.73742784,
  0 -0.84327172 0.5374875,0 -0.95364993 0.30091828] }
}
}
DEF SHAPE_26 Shape {
 appearance USE APP_1
 geometry DEF FACE_26 IndexedFaceSet {
  coord DEF COORD_26 Coordinate { point [
  4.2913386 2.3720472 1.0275591,-3.1102362 2.3720472 1.0275591,
  -3.1102362 2.3634616 1.0927733,-3.1102362 2.3382899 1.1535433,
  -3.1102362 2.2982474 1.2057277,-3.1102362 2.246063 1.2457702,
  -3.1102362 2.185293 1.2709419,-3.1102362 2.1200787 1.2795276,
  4.2913386 2.1200787 1.2795276,4.2913386 2.3634616 1.0927733,
  4.2913386 2.3382899 1.1535433,4.2913386 2.2982474 1.2057277,
  4.2913386 2.246063 1.2457702,4.2913386 2.185293 1.2709419] }
 coordIndex [
  9,0,1,-1,9,1,2,-1,10,2,3,-1,10,9,2,-1,11,3,4,-1,11,4,5,-1,11,10,3,-1,12,11,5,-1,
  13,5,6,-1,13,12,5,-1,8,6,7,-1,8,13,6,-1]
  normalPerVertex TRUE
  normal DEF NORM_26 Normal { vector [
  0 0.99144486 0.13052619,0 0.99144486 0.13052619,
  0 0.95364993 0.30091828,0 0.84327172 0.5374875,
  0 0.70710678 0.70710678,0 0.5 0.8660254,
  0 0.21622209 0.9763442,0 0.13052619 0.99144486,
  0 0.13052619 0.99144486,0 0.9763442 0.21622209,
  0 0.88711369 0.46155098,0 0.70710678 0.70710678,
  0 0.5 0.8660254,0 0.30091828 0.95364993] }
}
}
DEF SHAPE_27 Shape {
 appearance USE APP_1
 geometry DEF FACE_27 IndexedFaceSet {
  coord DEF COORD_27 Coordinate { point [
  4.2913386 2.3720472 1.0275591,4.2913386 2.3720472 -0.24015748,
  -3.1102362 2.3720472 1.0275591,-3.1102362 2.3720472 0.098425197,
  -2.3228346 2.3720472 0.098425197,-1.496063 2.3720472 0.098425197,
  -1.496063 2.3720472 -0.24015748] }
 coordIndex [
  4,3,2,-1,5,4,2,-1,0,5,2,-1,1,6,5,-1,1,5,0,-1]
  normalPerVertex TRUE
  normal DEF NORM_27 Normal { vector [
  0 1 0,0 1 0,
  0 1 0,0 1 0,
  0 1 0,0 1 0,
  0 1 0] }
}
}
DEF SHAPE_28 Shape {
 appearance USE APP_1
 geometry DEF FACE_28 IndexedFaceSet {
  coord DEF COORD_28 Coordinate { point [
  4.2913386 2.1200787 -0.49212598,4.2913386 2.185293 -0.48354037,
  4.2913386 2.246063 -0.45836861,4.2913386 2.2982474 -0.41832612,
  4.2913386 2.3382899 -0.36614173,4.2913386 2.3634616 -0.30537173,
  4.2913386 2.3720472 -0.24015748,-1.496063 2.1200787 -0.49212598,
  -1.496063 2.185293 -0.48354037,-1.496063 2.246063 -0.45836861,
  -1.496063 2.2982474 -0.41832612,-1.496063 2.3382899 -0.36614173,
  -1.496063 2.3634616 -0.30537173,-1.496063 2.3720472 -0.24015748] }
 coordIndex [
  0,7,8,-1,1,8,9,-1,1,0,8,-1,2,9,10,-1,2,1,9,-1,3,10,11,-1,3,2,10,-1,4,11,12,-1,
  4,3,11,-1,5,12,13,-1,5,4,12,-1,6,5,13,-1]
  normalPerVertex TRUE
  normal DEF NORM_28 Normal { vector [
  0 0.13052619 -0.99144486,0 0.30091828 -0.95364993,
  0 0.5374875 -0.84327172,0 0.73742784 -0.67542593,
  0 0.88711369 -0.46155098,0 0.9763442 -0.21622209,
  0 0.99144486 -0.13052619,0 0.13052619 -0.99144486,
  0 0.21622209 -0.9763442,0 0.46155098 -0.88711369,
  0 0.67542593 -0.73742784,0 0.84327172 -0.5374875,
  0 0.95364993 -0.30091828,0 0.99144486 -0.13052619] }
}
}
DEF SHAPE_29 Shape {
 appearance USE APP_1
 geometry DEF FACE_29 IndexedFaceSet {
  coord DEF COORD_29 Coordinate { point [
  4.2913386 2.1200787 -0.49212598,4.2913386 -2.1200787 -0.49212598,
  -1.496063 2.1200787 -0.49212598,-1.496063 -2.1200787 -0.49212598,
  2.1417323 0.68897638 -0.49212598,1.5905512 0.68897638 -0.49212598,
  1.5642692 0.69193765 -0.49212598,1.5393051 0.70067297 -0.49212598,
  1.5169107 0.71474431 -0.49212598,1.4982089 0.73344609 -0.49212598,
  1.4841375 0.7558405 -0.49212598,1.4754022 0.78080461 -0.49212598,
  1.4724409 0.80708661 -0.49212598,1.4724409 1.5551181 -0.49212598,
  1.5905512 1.6732283 -0.49212598,1.559982 1.6692038 -0.49212598,
  1.5314961 1.6574046 -0.49212598,1.5070346 1.6386347 -0.49212598,
  1.4882647 1.6141732 -0.49212598,1.4764655 1.5856873 -0.49212598,
  2.1417323 1.6732283 -0.49212598,2.2598425 1.5551181 -0.49212598,
  2.2568812 1.5814001 -0.49212598,2.2481459 1.6063642 -0.49212598,
  2.2340746 1.6287586 -0.49212598,2.2153728 1.6474604 -0.49212598,
  2.1929784 1.6615318 -0.49212598,2.1680143 1.6702671 -0.49212598,
  2.2598425 0.80708661 -0.49212598,2.1723015 0.69300089 -0.49212598,
  2.2007874 0.70480015 -0.49212598,2.2252488 0.72357007 -0.49212598,
  2.2440187 0.7480315 -0.49212598,2.255818 0.77651744 -0.49212598,
  2.1417323 -1.6732283 -0.49212598,1.5905512 -1.6732283 -0.49212598,
  1.5642692 -1.6702671 -0.49212598,1.5393051 -1.6615318 -0.49212598,
  1.5169107 -1.6474604 -0.49212598,1.4982089 -1.6287586 -0.49212598,
  1.4841375 -1.6063642 -0.49212598,1.4754022 -1.5814001 -0.49212598,
  1.4724409 -1.5551181 -0.49212598,1.4724409 -0.80708661 -0.49212598,
  1.5905512 -0.68897638 -0.49212598,1.559982 -0.69300089 -0.49212598,
  1.5314961 -0.70480015 -0.49212598,1.5070346 -0.72357007 -0.49212598,
  1.4882647 -0.7480315 -0.49212598,1.4764655 -0.77651744 -0.49212598,
  2.1417323 -0.68897638 -0.49212598,2.2598425 -0.80708661 -0.49212598,
  2.2568812 -0.78080461 -0.49212598,2.2481459 -0.7558405 -0.49212598,
  2.2340746 -0.73344609 -0.49212598,2.2153728 -0.71474431 -0.49212598,
  2.1929784 -0.70067297 -0.49212598,2.1680143 -0.69193765 -0.49212598,
  2.2598425 -1.5551181 -0.49212598,2.1723015 -1.6692038 -0.49212598,
  2.2007874 -1.6574046 -0.49212598,2.2252488 -1.6386347 -0.49212598,
  2.2440187 -1.6141732 -0.49212598,2.255818 -1.5856873 -0.49212598] }
 coordIndex [
  16,17,2,-1,18,2,17,-1,19,2,18,-1,15,16,2,-1,14,15,2,-1,13,2,19,-1,12,2,13,-1,11,2,12,-1,
  10,2,11,-1,0,20,14,-1,0,21,22,-1,0,22,23,-1,0,23,24,-1,0,24,25,-1,0,25,26,-1,0,26,27,-1,
  0,27,20,-1,0,28,21,-1,0,33,28,-1,47,9,8,-1,46,8,7,-1,46,47,8,-1,48,10,9,-1,48,9,47,-1,
  45,7,6,-1,45,46,7,-1,49,3,2,-1,49,10,48,-1,49,2,10,-1,43,3,49,-1,44,6,5,-1,44,45,6,-1,
  50,5,4,-1,50,44,5,-1,57,4,29,-1,57,50,4,-1,56,29,30,-1,56,57,29,-1,55,30,31,-1,55,56,30,-1,
  54,31,32,-1,54,55,31,-1,53,32,33,-1,53,33,0,-1,53,54,32,-1,42,3,43,-1,41,3,42,-1,40,3,41,-1,
  39,3,40,-1,38,3,39,-1,37,3,38,-1,36,3,37,-1,35,3,36,-1,1,53,0,-1,1,35,34,-1,1,51,52,-1,
  1,52,53,-1,1,58,51,-1,1,34,59,-1,1,59,60,-1,1,60,61,-1,1,61,62,-1,1,62,63,-1,1,63,58,-1,
  0,14,2,-1,3,35,1,-1]
  normalPerVertex TRUE
  normal DEF NORM_29 Normal { vector [
  0 0 -1,0 0 -1,
  0 0 -1,0 0 -1,
  0 0 -1,0 0 -1,
  0 0 -1,0 0 -1,
  0 0 -1,0 0 -1,
  0 0 -1,0 0 -1,
  0 0 -1,0 0 -1,
  0 0 -1,0 0 -1,
  0 0 -1,0 0 -1,
  0 0 -1,0 0 -1,
  0 0 -1,0 0 -1,
  0 0 -1,0 0 -1,
  0 0 -1,0 0 -1,
  0 0 -1,0 0 -1,
  0 0 -1,0 0 -1,
  0 0 -1,0 0 -1,
  0 0 -1,0 0 -1,
  0 0 -1,0 0 -1,
  0 0 -1,0 0 -1,
  0 0 -1,0 0 -1,
  0 0 -1,0 0 -1,
  0 0 -1,0 0 -1,
  0 0 -1,0 0 -1,
  0 0 -1,0 0 -1,
  0 0 -1,0 0 -1,
  0 0 -1,0 0 -1,
  0 0 -1,0 0 -1,
  0 0 -1,0 0 -1,
  0 0 -1,0 0 -1,
  0 0 -1,0 0 -1,
  0 0 -1,0 0 -1,
  0 0 -1,0 0 -1] }
}
}
DEF SHAPE_30 Shape {
 appearance USE APP_1
 geometry DEF FACE_30 IndexedFaceSet {
  coord DEF COORD_30 Coordinate { point [
  4.2913386 -2.3720472 -0.24015748,4.2913386 -2.3634616 -0.30537173,
  4.2913386 -2.3382899 -0.36614173,4.2913386 -2.2982474 -0.41832612,
  4.2913386 -2.246063 -0.45836861,4.2913386 -2.185293 -0.48354037,
  4.2913386 -2.1200787 -0.49212598,-1.496063 -2.3720472 -0.24015748,
  -1.496063 -2.3634616 -0.30537173,-1.496063 -2.3382899 -0.36614173,
  -1.496063 -2.2982474 -0.41832612,-1.496063 -2.246063 -0.45836861,
  -1.496063 -2.185293 -0.48354037,-1.496063 -2.1200787 -0.49212598] }
 coordIndex [
  1,0,7,-1,1,7,8,-1,2,8,9,-1,2,1,8,-1,3,9,10,-1,3,2,9,-1,4,10,11,-1,4,3,10,-1,
  5,11,12,-1,5,4,11,-1,6,12,13,-1,6,5,12,-1]
  normalPerVertex TRUE
  normal DEF NORM_30 Normal { vector [
  0 -0.99144486 -0.13052619,0 -0.9763442 -0.21622209,
  0 -0.88711369 -0.46155098,0 -0.73742784 -0.67542593,
  0 -0.5374875 -0.84327172,0 -0.30091828 -0.95364993,
  0 -0.13052619 -0.99144486,0 -0.99144486 -0.13052619,
  0 -0.95364993 -0.30091828,0 -0.84327172 -0.5374875,
  0 -0.67542593 -0.73742784,0 -0.46155098 -0.88711369,
  0 -0.21622209 -0.9763442,0 -0.13052619 -0.99144486] }
}
}
DEF SHAPE_31 Shape {
 appearance USE APP_1
 geometry DEF FACE_31 IndexedFaceSet {
  coord DEF COORD_31 Coordinate { point [
  4.2913386 2.253937 1.0275591,4.2913386 2.253937 -0.24015748,
  -3.1102362 2.253937 1.0275591,-3.1102362 2.253937 0.098425197,
  -2.3228346 2.253937 0.098425197,-1.496063 2.253937 0.098425197,
  -1.496063 2.253937 -0.24015748] }
 coordIndex [
  4,2,3,-1,5,2,4,-1,0,2,5,-1,1,5,6,-1,1,0,5,-1]
  normalPerVertex TRUE
  normal DEF NORM_31 Normal { vector [
  0 -1 0,0 -1 0,
  0 -1 0,0 -1 0,
  0 -1 0,0 -1 0,
  0 -1 0] }
}
}
DEF SHAPE_32 Shape {
 appearance USE APP_1
 geometry DEF FACE_32 IndexedFaceSet {
  coord DEF COORD_32 Coordinate { point [
  4.2913386 2.1200787 -0.37401575,4.2913386 2.1547238 -0.36945464,
  4.2913386 2.1870079 -0.35608214,4.2913386 2.2147308 -0.33480957,
  4.2913386 2.2360034 -0.30708661,4.2913386 2.2493759 -0.27480255,
  4.2913386 2.253937 -0.24015748,-1.496063 2.1200787 -0.37401575,
  -1.496063 2.1547238 -0.36945464,-1.496063 2.1870079 -0.35608214,
  -1.496063 2.2147308 -0.33480957,-1.496063 2.2360034 -0.30708661,
  -1.496063 2.2493759 -0.27480255,-1.496063 2.253937 -0.24015748] }
 coordIndex [
  0,8,7,-1,1,9,8,-1,1,8,0,-1,2,10,9,-1,2,9,1,-1,3,11,10,-1,3,10,2,-1,4,12,11,-1,
  4,11,3,-1,5,13,12,-1,5,12,4,-1,6,13,5,-1]
  normalPerVertex TRUE
  normal DEF NORM_32 Normal { vector [
  0 -0.13052619 0.99144486,0 -0.30091828 0.95364993,
  0 -0.5374875 0.84327172,0 -0.73742784 0.67542593,
  0 -0.88711369 0.46155098,0 -0.9763442 0.21622209,
  0 -0.99144486 0.13052619,0 -0.13052619 0.99144486,
  0 -0.21622209 0.9763442,0 -0.46155098 0.88711369,
  0 -0.67542593 0.73742784,0 -0.84327172 0.5374875,
  0 -0.95364993 0.30091828,0 -0.99144486 0.13052619] }
}
}
DEF SHAPE_33 Shape {
 appearance USE APP_1
 geometry DEF FACE_33 IndexedFaceSet {
  coord DEF COORD_33 Coordinate { point [
  4.2913386 2.1200787 -0.37401575,4.2913386 -2.1200787 -0.37401575,
  -1.496063 2.1200787 -0.37401575,-1.496063 -2.1200787 -0.37401575,
  1.4724409 1.5551181 -0.37401575,1.4724409 0.80708661 -0.37401575,
  1.5905512 1.6732283 -0.37401575,1.559982 1.6692038 -0.37401575,
  1.5314961 1.6574046 -0.37401575,1.5070346 1.6386347 -0.37401575,
  1.4882647 1.6141732 -0.37401575,1.4764655 1.5856873 -0.37401575,
  2.1417323 1.6732283 -0.37401575,2.2598425 1.5551181 -0.37401575,
  2.2568812 1.5814001 -0.37401575,2.2481459 1.6063642 -0.37401575,
  2.2340746 1.6287586 -0.37401575,2.2153728 1.6474604 -0.37401575,
  2.1929784 1.6615318 -0.37401575,2.1680143 1.6702671 -0.37401575,
  2.2598425 0.80708661 -0.37401575,2.1417323 0.68897638 -0.37401575,
  2.1723015 0.69300089 -0.37401575,2.2007874 0.70480015 -0.37401575,
  2.2252488 0.72357007 -0.37401575,2.2440187 0.7480315 -0.37401575,
  2.255818 0.77651744 -0.37401575,1.5905512 0.68897638 -0.37401575,
  1.5642692 0.69193765 -0.37401575,1.5393051 0.70067297 -0.37401575,
  1.5169107 0.71474431 -0.37401575,1.4982089 0.73344609 -0.37401575,
  1.4841375 0.7558405 -0.37401575,1.4754022 0.78080461 -0.37401575,
  1.4724409 -0.80708661 -0.37401575,1.4724409 -1.5551181 -0.37401575,
  1.5905512 -0.68897638 -0.37401575,1.559982 -0.69300089 -0.37401575,
  1.5314961 -0.70480015 -0.37401575,1.5070346 -0.72357007 -0.37401575,
  1.4882647 -0.7480315 -0.37401575,1.4764655 -0.77651744 -0.37401575,
  2.1417323 -0.68897638 -0.37401575,2.2598425 -0.80708661 -0.37401575,
  2.2568812 -0.78080461 -0.37401575,2.2481459 -0.7558405 -0.37401575,
  2.2340746 -0.73344609 -0.37401575,2.2153728 -0.71474431 -0.37401575,
  2.1929784 -0.70067297 -0.37401575,2.1680143 -0.69193765 -0.37401575,
  2.2598425 -1.5551181 -0.37401575,2.1417323 -1.6732283 -0.37401575,
  2.1723015 -1.6692038 -0.37401575,2.2007874 -1.6574046 -0.37401575,
  2.2252488 -1.6386347 -0.37401575,2.2440187 -1.6141732 -0.37401575,
  2.255818 -1.5856873 -0.37401575,1.5905512 -1.6732283 -0.37401575,
  1.5642692 -1.6702671 -0.37401575,1.5393051 -1.6615318 -0.37401575,
  1.5169107 -1.6474604 -0.37401575,1.4982089 -1.6287586 -0.37401575,
  1.4841375 -1.6063642 -0.37401575,1.4754022 -1.5814001 -0.37401575] }
 coordIndex [
  10,9,2,-1,8,2,9,-1,7,2,8,-1,11,10,2,-1,4,11,2,-1,6,2,7,-1,5,4,2,-1,33,5,2,-1,
  32,33,2,-1,0,6,12,-1,0,14,13,-1,0,15,14,-1,0,16,15,-1,0,17,16,-1,0,18,17,-1,0,19,18,-1,
  0,12,19,-1,0,13,20,-1,0,20,26,-1,39,30,31,-1,38,30,39,-1,38,29,30,-1,40,31,32,-1,40,39,31,-1,
  37,28,29,-1,37,29,38,-1,41,2,3,-1,41,32,2,-1,41,40,32,-1,36,28,37,-1,36,27,28,-1,34,41,3,-1,
  42,21,27,-1,42,27,36,-1,49,22,21,-1,49,21,42,-1,48,23,22,-1,48,22,49,-1,47,23,48,-1,47,24,23,-1,
  46,24,47,-1,46,25,24,-1,45,26,25,-1,45,0,26,-1,45,25,46,-1,35,34,3,-1,63,35,3,-1,62,63,3,-1,
  61,62,3,-1,60,61,3,-1,59,60,3,-1,58,59,3,-1,57,58,3,-1,1,0,45,-1,1,44,43,-1,1,45,44,-1,
  1,43,50,-1,1,52,51,-1,1,53,52,-1,1,54,53,-1,1,55,54,-1,1,56,55,-1,1,50,56,-1,1,51,57,-1,
  0,2,6,-1,3,1,57,-1]
  normalPerVertex TRUE
  normal DEF NORM_33 Normal { vector [
  0 0 1,0 0 1,
  0 0 1,0 0 1,
  0 0 1,0 0 1,
  0 0 1,0 0 1,
  0 0 1,0 0 1,
  0 0 1,0 0 1,
  0 0 1,0 0 1,
  0 0 1,0 0 1,
  0 0 1,0 0 1,
  0 0 1,0 0 1,
  0 0 1,0 0 1,
  0 0 1,0 0 1,
  0 0 1,0 0 1,
  0 0 1,0 0 1,
  0 0 1,0 0 1,
  0 0 1,0 0 1,
  0 0 1,0 0 1,
  0 0 1,0 0 1,
  0 0 1,0 0 1,
  0 0 1,0 0 1,
  0 0 1,0 0 1,
  0 0 1,0 0 1,
  0 0 1,0 0 1,
  0 0 1,0 0 1,
  0 0 1,0 0 1,
  0 0 1,0 0 1,
  0 0 1,0 0 1,
  0 0 1,0 0 1,
  0 0 1,0 0 1,
  0 0 1,0 0 1,
  0 0 1,0 0 1,
  0 0 1,0 0 1] }
}
}
DEF SHAPE_34 Shape {
 appearance USE APP_1
 geometry DEF FACE_34 IndexedFaceSet {
  coord DEF COORD_34 Coordinate { point [
  4.2913386 -2.253937 -0.24015748,4.2913386 -2.2493759 -0.27480255,
  4.2913386 -2.2360034 -0.30708661,4.2913386 -2.2147308 -0.33480957,
  4.2913386 -2.1870079 -0.35608214,4.2913386 -2.1547238 -0.36945464,
  4.2913386 -2.1200787 -0.37401575,-1.496063 -2.253937 -0.24015748,
  -1.496063 -2.2493759 -0.27480255,-1.496063 -2.2360034 -0.30708661,
  -1.496063 -2.2147308 -0.33480957,-1.496063 -2.1870079 -0.35608214,
  -1.496063 -2.1547238 -0.36945464,-1.496063 -2.1200787 -0.37401575] }
 coordIndex [
  1,7,0,-1,1,8,7,-1,2,9,8,-1,2,8,1,-1,3,10,9,-1,3,9,2,-1,4,11,10,-1,4,10,3,-1,
  5,12,11,-1,5,11,4,-1,6,13,12,-1,6,12,5,-1]
  normalPerVertex TRUE
  normal DEF NORM_34 Normal { vector [
  0 0.99144486 0.13052619,0 0.9763442 0.21622209,
  0 0.88711369 0.46155098,0 0.73742784 0.67542593,
  0 0.5374875 0.84327172,0 0.30091828 0.95364993,
  0 0.13052619 0.99144486,0 0.99144486 0.13052619,
  0 0.95364993 0.30091828,0 0.84327172 0.5374875,
  0 0.67542593 0.73742784,0 0.46155098 0.88711369,
  0 0.21622209 0.9763442,0 0.13052619 0.99144486] }
}
}
DEF SHAPE_35 Shape {
 appearance USE APP_1
 geometry DEF FACE_35 IndexedFaceSet {
  coord DEF COORD_35 Coordinate { point [
  -3.1102362 -2.253937 -0.25590551,-3.1102362 -2.3720472 -0.25590551,
  -3.1102362 -2.3720472 0.098425197,-3.1102362 -2.253937 0.098425197] }
 coordIndex [
  0,1,2,-1,0,2,3,-1]
  normalPerVertex TRUE
  normal DEF NORM_35 Normal { vector [
  -1 0 0,-1 0 0,
  -1 0 0,-1 0 0] }
}
}
DEF SHAPE_36 Shape {
 appearance USE APP_1
 geometry DEF FACE_36 IndexedFaceSet {
  coord DEF COORD_36 Coordinate { point [
  -3.1102362 2.253937 0.098425197,-3.1102362 2.253937 -0.25590551,
  -3.1102362 2.3720472 0.098425197,-3.1102362 2.3720472 -0.25590551] }
 coordIndex [
  3,1,0,-1,3,0,2,-1]
  normalPerVertex TRUE
  normal DEF NORM_36 Normal { vector [
  -1 0 0,-1 0 0,
  -1 0 0,-1 0 0] }
}
}
DEF SHAPE_37 Shape {
 appearance USE APP_1
 geometry DEF FACE_37 IndexedFaceSet {
  coord DEF COORD_37 Coordinate { point [
  -1.496063 -2.253937 0.098425197,-2.3228346 -2.253937 0.098425197,
  -1.496063 -2.3720472 0.098425197,-2.3228346 -2.3720472 0.098425197] }
 coordIndex [
  3,0,2,-1,1,0,3,-1]
  normalPerVertex TRUE
  normal DEF NORM_37 Normal { vector [
  0 0 -1,0 0 -1,
  0 0 -1,0 0 -1] }
}
}
DEF SHAPE_38 Shape {
 appearance USE APP_1
 geometry DEF FACE_38 IndexedFaceSet {
  coord DEF COORD_38 Coordinate { point [
  -2.3228346 -2.253937 -0.25590551,-3.1102362 -2.253937 -0.25590551,
  -3.1102362 -2.253937 0.098425197,-2.3228346 -2.253937 0.098425197] }
 coordIndex [
  0,1,2,-1,0,2,3,-1]
  normalPerVertex TRUE
  normal DEF NORM_38 Normal { vector [
  0 1 0,0 1 0,
  0 1 0,0 1 0] }
}
}
DEF SHAPE_39 Shape {
 appearance USE APP_1
 geometry DEF FACE_39 IndexedFaceSet {
  coord DEF COORD_39 Coordinate { point [
  -1.496063 2.1200787 -0.49212598,-1.496063 2.185293 -0.48354037,
  -1.496063 2.246063 -0.45836861,-1.496063 2.2982474 -0.41832612,
  -1.496063 2.3382899 -0.36614173,-1.496063 2.3634616 -0.30537173,
  -1.496063 2.3720472 -0.24015748,-1.496063 -2.1200787 -0.49212598,
  -1.496063 -2.3720472 -0.24015748,-1.496063 -2.3634616 -0.30537173,
  -1.496063 -2.3382899 -0.36614173,-1.496063 -2.2982474 -0.41832612,
  -1.496063 -2.246063 -0.45836861,-1.496063 -2.185293 -0.48354037,
  -1.496063 -2.3720472 0.098425197,-1.496063 -2.253937 0.098425197,
  -1.496063 -2.253937 -0.24015748,-1.496063 -2.2493759 -0.27480255,
  -1.496063 -2.2360034 -0.30708661,-1.496063 -2.2147308 -0.33480957,
  -1.496063 -2.1870079 -0.35608214,-1.496063 -2.1547238 -0.36945464,
  -1.496063 -2.1200787 -0.37401575,-1.496063 2.1200787 -0.37401575,
  -1.496063 2.1547238 -0.36945464,-1.496063 2.1870079 -0.35608214,
  -1.496063 2.2147308 -0.33480957,-1.496063 2.2360034 -0.30708661,
  -1.496063 2.2493759 -0.27480255,-1.496063 2.253937 -0.24015748,
  -1.496063 2.253937 0.098425197,-1.496063 2.3720472 0.098425197] }
 coordIndex [
  20,12,11,-1,20,13,12,-1,20,11,19,-1,18,11,10,-1,18,19,11,-1,21,13,20,-1,17,9,8,-1,17,10,9,-1,
  17,18,10,-1,22,7,13,-1,22,13,21,-1,16,17,8,-1,14,16,8,-1,15,16,14,-1,23,0,7,-1,23,7,22,-1,
  24,1,0,-1,24,0,23,-1,25,2,1,-1,25,1,24,-1,3,25,26,-1,3,2,25,-1,4,26,27,-1,4,3,26,-1,
  5,27,28,-1,5,28,29,-1,5,4,27,-1,6,5,29,-1,30,6,29,-1,31,6,30,-1]
  normalPerVertex TRUE
  normal DEF NORM_39 Normal { vector [
  -1 0 0,-1 0 0,
  -1 0 0,-1 0 0,
  -1 0 0,-1 0 0,
  -1 0 0,-1 0 0,
  -1 0 0,-1 0 0,
  -1 0 0,-1 0 0,
  -1 0 0,-1 0 0,
  -1 0 0,-1 0 0,
  -1 0 0,-1 0 0,
  -1 0 0,-1 0 0,
  -1 0 0,-1 0 0,
  -1 0 0,-1 0 0,
  -1 0 0,-1 0 0,
  -1 0 0,-1 0 0,
  -1 0 0,-1 0 0,
  -1 0 0,-1 0 0] }
}
}
DEF SHAPE_40 Shape {
 appearance USE APP_1
 geometry DEF FACE_40 IndexedFaceSet {
  coord DEF COORD_40 Coordinate { point [
  -3.1102362 -2.3720472 -0.25590551,-2.3228346 -2.3720472 -0.25590551,
  -2.3228346 -2.3720472 0.098425197,-3.1102362 -2.3720472 0.098425197] }
 coordIndex [
  0,1,2,-1,0,2,3,-1]
  normalPerVertex TRUE
  normal DEF NORM_40 Normal { vector [
  0 -1 0,0 -1 0,
  0 -1 0,0 -1 0] }
}
}
DEF SHAPE_41 Shape {
 appearance USE APP_1
 geometry DEF FACE_41 IndexedFaceSet {
  coord DEF COORD_41 Coordinate { point [
  -3.1102362 2.3720472 0.098425197,-3.1102362 2.3720472 -0.25590551,
  -2.3228346 2.3720472 0.098425197,-2.3228346 2.3720472 -0.25590551] }
 coordIndex [
  3,1,0,-1,3,0,2,-1]
  normalPerVertex TRUE
  normal DEF NORM_41 Normal { vector [
  0 1 0,0 1 0,
  0 1 0,0 1 0] }
}
}
DEF SHAPE_42 Shape {
 appearance USE APP_1
 geometry DEF FACE_42 IndexedFaceSet {
  coord DEF COORD_42 Coordinate { point [
  -2.3228346 2.3720472 0.098425197,-2.3228346 2.253937 0.098425197,
  -1.496063 2.3720472 0.098425197,-1.496063 2.253937 0.098425197] }
 coordIndex [
  1,2,3,-1,0,2,1,-1]
  normalPerVertex TRUE
  normal DEF NORM_42 Normal { vector [
  0 0 -1,0 0 -1,
  0 0 -1,0 0 -1] }
}
}
DEF SHAPE_43 Shape {
 appearance USE APP_1
 geometry DEF FACE_43 IndexedFaceSet {
  coord DEF COORD_43 Coordinate { point [
  2.1417323 0.68897638 -0.49212598,1.5905512 0.68897638 -0.49212598,
  2.1417323 0.68897638 -0.37401575,1.5905512 0.68897638 -0.37401575] }
 coordIndex [
  1,2,0,-1,1,3,2,-1]
  normalPerVertex TRUE
  normal DEF NORM_43 Normal { vector [
  0 1 0,0 1 0,
  0 1 0,0 1 0] }
}
}
DEF SHAPE_44 Shape {
 appearance USE APP_1
 geometry DEF FACE_44 IndexedFaceSet {
  coord DEF COORD_44 Coordinate { point [
  2.1417323 0.68897638 -0.49212598,2.1723015 0.69300089 -0.49212598,
  2.2007874 0.70480015 -0.49212598,2.2252488 0.72357007 -0.49212598,
  2.2440187 0.7480315 -0.49212598,2.255818 0.77651744 -0.49212598,
  2.2598425 0.80708661 -0.49212598,2.2598425 0.80708661 -0.37401575,
  2.1417323 0.68897638 -0.37401575,2.1723015 0.69300089 -0.37401575,
  2.2007874 0.70480015 -0.37401575,2.2252488 0.72357007 -0.37401575,
  2.2440187 0.7480315 -0.37401575,2.255818 0.77651744 -0.37401575] }
 coordIndex [
  9,1,0,-1,9,0,8,-1,10,2,1,-1,10,1,9,-1,11,3,2,-1,11,2,10,-1,12,4,3,-1,12,3,11,-1,
  13,5,4,-1,13,4,12,-1,7,6,5,-1,7,5,13,-1]
  normalPerVertex TRUE
  normal DEF NORM_44 Normal { vector [
  -0.13052619 0.99144486 0,-0.30091828 0.95364993 0,
  -0.5374875 0.84327172 0,-0.73742784 0.67542593 0,
  -0.88711369 0.46155098 0,-0.9763442 0.21622209 0,
  -0.99144486 0.13052619 0,-0.99144486 0.13052619 0,
  -0.13052619 0.99144486 0,-0.21622209 0.9763442 0,
  -0.46155098 0.88711369 0,-0.67542593 0.73742784 0,
  -0.84327172 0.5374875 0,-0.95364993 0.30091828 0] }
}
}
DEF SHAPE_45 Shape {
 appearance USE APP_1
 geometry DEF FACE_45 IndexedFaceSet {
  coord DEF COORD_45 Coordinate { point [
  1.5905512 0.68897638 -0.49212598,1.5905512 0.68897638 -0.37401575,
  1.5642692 0.69193765 -0.37401575,1.5393051 0.70067297 -0.37401575,
  1.5169107 0.71474431 -0.37401575,1.4982089 0.73344609 -0.37401575,
  1.4841375 0.7558405 -0.37401575,1.4754022 0.78080461 -0.37401575,
  1.4724409 0.80708661 -0.37401575,1.4724409 0.80708661 -0.49212598,
  1.5642692 0.69193765 -0.49212598,1.5393051 0.70067297 -0.49212598,
  1.5169107 0.71474431 -0.49212598,1.4982089 0.73344609 -0.49212598,
  1.4841375 0.7558405 -0.49212598,1.4754022 0.78080461 -0.49212598] }
 coordIndex [
  7,9,8,-1,7,15,9,-1,6,14,15,-1,6,15,7,-1,5,13,14,-1,5,14,6,-1,4,12,13,-1,4,13,5,-1,
  3,11,12,-1,3,12,4,-1,2,10,11,-1,2,11,3,-1,1,0,10,-1,1,10,2,-1]
  normalPerVertex TRUE
  normal DEF NORM_45 Normal { vector [
  0.11196448 0.99371221 0,0.11196448 0.99371221 0,
  0.25895436 0.96588956 0,0.46739248 0.88404993 0,
  0.65239359 0.75788034 0,0.80468096 0.59370746 0,
  0.91661827 0.39976362 0,0.98259251 0.18577396 0,
  0.99371221 0.11196448 0,0.99371221 0.11196448 0,
  0.18577396 0.98259251 0,0.39976362 0.91661827 0,
  0.59370746 0.80468096 0,0.75788034 0.65239359 0,
  0.88404993 0.46739248 0,0.96588956 0.25895436 0] }
}
}
DEF SHAPE_46 Shape {
 appearance USE APP_1
 geometry DEF FACE_46 IndexedFaceSet {
  coord DEF COORD_46 Coordinate { point [
  2.2598425 1.5551181 -0.49212598,2.2598425 0.80708661 -0.49212598,
  2.2598425 1.5551181 -0.37401575,2.2598425 0.80708661 -0.37401575] }
 coordIndex [
  1,2,0,-1,1,3,2,-1]
  normalPerVertex TRUE
  normal DEF NORM_46 Normal { vector [
  -1 0 0,-1 0 0,
  -1 0 0,-1 0 0] }
}
}
DEF SHAPE_47 Shape {
 appearance USE APP_1
 geometry DEF FACE_47 IndexedFaceSet {
  coord DEF COORD_47 Coordinate { point [
  1.4724409 0.80708661 -0.49212598,1.4724409 1.5551181 -0.49212598,
  1.4724409 0.80708661 -0.37401575,1.4724409 1.5551181 -0.37401575] }
 coordIndex [
  1,2,0,-1,1,3,2,-1]
  normalPerVertex TRUE
  normal DEF NORM_47 Normal { vector [
  1 0 0,1 0 0,
  1 0 0,1 0 0] }
}
}
DEF SHAPE_48 Shape {
 appearance USE APP_1
 geometry DEF FACE_48 IndexedFaceSet {
  coord DEF COORD_48 Coordinate { point [
  2.2598425 1.5551181 -0.49212598,2.2568812 1.5814001 -0.49212598,
  2.2481459 1.6063642 -0.49212598,2.2340746 1.6287586 -0.49212598,
  2.2153728 1.6474604 -0.49212598,2.1929784 1.6615318 -0.49212598,
  2.1680143 1.6702671 -0.49212598,2.1417323 1.6732283 -0.49212598,
  2.1417323 1.6732283 -0.37401575,2.2598425 1.5551181 -0.37401575,
  2.2568812 1.5814001 -0.37401575,2.2481459 1.6063642 -0.37401575,
  2.2340746 1.6287586 -0.37401575,2.2153728 1.6474604 -0.37401575,
  2.1929784 1.6615318 -0.37401575,2.1680143 1.6702671 -0.37401575] }
 coordIndex [
  10,1,0,-1,10,0,9,-1,11,2,1,-1,11,1,10,-1,12,3,2,-1,12,2,11,-1,13,4,3,-1,13,3,12,-1,
  14,5,4,-1,14,4,13,-1,15,6,5,-1,15,5,14,-1,8,7,6,-1,8,6,15,-1]
  normalPerVertex TRUE
  normal DEF NORM_48 Normal { vector [
  -0.99371221 -0.11196448 0,-0.96588956 -0.25895436 0,
  -0.88404993 -0.46739248 0,-0.75788034 -0.65239359 0,
  -0.59370746 -0.80468096 0,-0.39976362 -0.91661827 0,
  -0.18577396 -0.98259251 0,-0.11196448 -0.99371221 0,
  -0.11196448 -0.99371221 0,-0.99371221 -0.11196448 0,
  -0.98259251 -0.18577396 0,-0.91661827 -0.39976362 0,
  -0.80468096 -0.59370746 0,-0.65239359 -0.75788034 0,
  -0.46739248 -0.88404993 0,-0.25895436 -0.96588956 0] }
}
}
DEF SHAPE_49 Shape {
 appearance USE APP_1
 geometry DEF FACE_49 IndexedFaceSet {
  coord DEF COORD_49 Coordinate { point [
  1.5905512 1.6732283 -0.49212598,1.559982 1.6692038 -0.49212598,
  1.5314961 1.6574046 -0.49212598,1.5070346 1.6386347 -0.49212598,
  1.4882647 1.6141732 -0.49212598,1.4764655 1.5856873 -0.49212598,
  1.4724409 1.5551181 -0.49212598,1.4724409 1.5551181 -0.37401575,
  1.5905512 1.6732283 -0.37401575,1.559982 1.6692038 -0.37401575,
  1.5314961 1.6574046 -0.37401575,1.5070346 1.6386347 -0.37401575,
  1.4882647 1.6141732 -0.37401575,1.4764655 1.5856873 -0.37401575] }
 coordIndex [
  9,1,0,-1,9,0,8,-1,10,2,1,-1,10,1,9,-1,11,3,2,-1,11,2,10,-1,12,4,3,-1,12,3,11,-1,
  13,5,4,-1,13,6,5,-1,13,4,12,-1,7,6,13,-1]
  normalPerVertex TRUE
  normal DEF NORM_49 Normal { vector [
  0.13052619 -0.99144486 0,0.30091828 -0.95364993 0,
  0.5374875 -0.84327172 0,0.73742784 -0.67542593 0,
  0.88711369 -0.46155098 0,0.96592583 -0.25881905 0,
  0.99144486 -0.13052619 0,0.99144486 -0.13052619 0,
  0.13052619 -0.99144486 0,0.21622209 -0.9763442 0,
  0.46155098 -0.88711369 0,0.67542593 -0.73742784 0,
  0.84327172 -0.5374875 0,0.96592583 -0.25881905 0] }
}
}
DEF SHAPE_50 Shape {
 appearance USE APP_1
 geometry DEF FACE_50 IndexedFaceSet {
  coord DEF COORD_50 Coordinate { point [
  1.5905512 1.6732283 -0.49212598,2.1417323 1.6732283 -0.49212598,
  1.5905512 1.6732283 -0.37401575,2.1417323 1.6732283 -0.37401575] }
 coordIndex [
  1,2,0,-1,1,3,2,-1]
  normalPerVertex TRUE
  normal DEF NORM_50 Normal { vector [
  0 -1 0,0 -1 0,
  0 -1 0,0 -1 0] }
}
}
DEF SHAPE_51 Shape {
 appearance USE APP_1
 geometry DEF FACE_51 IndexedFaceSet {
  coord DEF COORD_51 Coordinate { point [
  2.1417323 -1.6732283 -0.49212598,1.5905512 -1.6732283 -0.49212598,
  2.1417323 -1.6732283 -0.37401575,1.5905512 -1.6732283 -0.37401575] }
 coordIndex [
  1,2,0,-1,1,3,2,-1]
  normalPerVertex TRUE
  normal DEF NORM_51 Normal { vector [
  0 1 0,0 1 0,
  0 1 0,0 1 0] }
}
}
DEF SHAPE_52 Shape {
 appearance USE APP_1
 geometry DEF FACE_52 IndexedFaceSet {
  coord DEF COORD_52 Coordinate { point [
  2.1417323 -1.6732283 -0.49212598,2.1723015 -1.6692038 -0.49212598,
  2.2007874 -1.6574046 -0.49212598,2.2252488 -1.6386347 -0.49212598,
  2.2440187 -1.6141732 -0.49212598,2.255818 -1.5856873 -0.49212598,
  2.2598425 -1.5551181 -0.49212598,2.2598425 -1.5551181 -0.37401575,
  2.1417323 -1.6732283 -0.37401575,2.1723015 -1.6692038 -0.37401575,
  2.2007874 -1.6574046 -0.37401575,2.2252488 -1.6386347 -0.37401575,
  2.2440187 -1.6141732 -0.37401575,2.255818 -1.5856873 -0.37401575] }
 coordIndex [
  9,1,0,-1,9,0,8,-1,10,2,1,-1,10,1,9,-1,11,3,2,-1,11,2,10,-1,12,4,3,-1,12,3,11,-1,
  13,5,4,-1,13,4,12,-1,7,6,5,-1,7,5,13,-1]
  normalPerVertex TRUE
  normal DEF NORM_52 Normal { vector [
  -0.13052619 0.99144486 0,-0.30091828 0.95364993 0,
  -0.5374875 0.84327172 0,-0.73742784 0.67542593 0,
  -0.88711369 0.46155098 0,-0.9763442 0.21622209 0,
  -0.99144486 0.13052619 0,-0.99144486 0.13052619 0,
  -0.13052619 0.99144486 0,-0.21622209 0.9763442 0,
  -0.46155098 0.88711369 0,-0.67542593 0.73742784 0,
  -0.84327172 0.5374875 0,-0.95364993 0.30091828 0] }
}
}
DEF SHAPE_53 Shape {
 appearance USE APP_1
 geometry DEF FACE_53 IndexedFaceSet {
  coord DEF COORD_53 Coordinate { point [
  1.5905512 -1.6732283 -0.49212598,1.5905512 -1.6732283 -0.37401575,
  1.5642692 -1.6702671 -0.37401575,1.5393051 -1.6615318 -0.37401575,
  1.5169107 -1.6474604 -0.37401575,1.4982089 -1.6287586 -0.37401575,
  1.4841375 -1.6063642 -0.37401575,1.4754022 -1.5814001 -0.37401575,
  1.4724409 -1.5551181 -0.37401575,1.4724409 -1.5551181 -0.49212598,
  1.5642692 -1.6702671 -0.49212598,1.5393051 -1.6615318 -0.49212598,
  1.5169107 -1.6474604 -0.49212598,1.4982089 -1.6287586 -0.49212598,
  1.4841375 -1.6063642 -0.49212598,1.4754022 -1.5814001 -0.49212598] }
 coordIndex [
  7,9,8,-1,7,15,9,-1,6,14,15,-1,6,15,7,-1,5,13,14,-1,5,14,6,-1,4,12,13,-1,4,13,5,-1,
  3,11,12,-1,3,12,4,-1,2,10,11,-1,2,11,3,-1,1,0,10,-1,1,10,2,-1]
  normalPerVertex TRUE
  normal DEF NORM_53 Normal { vector [
  0.11196448 0.99371221 0,0.11196448 0.99371221 0,
  0.25895436 0.96588956 0,0.46739248 0.88404993 0,
  0.65239359 0.75788034 0,0.80468096 0.59370746 0,
  0.91661827 0.39976362 0,0.98259251 0.18577396 0,
  0.99371221 0.11196448 0,0.99371221 0.11196448 0,
  0.18577396 0.98259251 0,0.39976362 0.91661827 0,
  0.59370746 0.80468096 0,0.75788034 0.65239359 0,
  0.88404993 0.46739248 0,0.96588956 0.25895436 0] }
}
}
DEF SHAPE_54 Shape {
 appearance USE APP_1
 geometry DEF FACE_54 IndexedFaceSet {
  coord DEF COORD_54 Coordinate { point [
  2.2598425 -0.80708661 -0.49212598,2.2598425 -1.5551181 -0.49212598,
  2.2598425 -0.80708661 -0.37401575,2.2598425 -1.5551181 -0.37401575] }
 coordIndex [
  1,2,0,-1,1,3,2,-1]
  normalPerVertex TRUE
  normal DEF NORM_54 Normal { vector [
  -1 0 0,-1 0 0,
  -1 0 0,-1 0 0] }
}
}
DEF SHAPE_55 Shape {
 appearance USE APP_1
 geometry DEF FACE_55 IndexedFaceSet {
  coord DEF COORD_55 Coordinate { point [
  1.4724409 -1.5551181 -0.49212598,1.4724409 -0.80708661 -0.49212598,
  1.4724409 -1.5551181 -0.37401575,1.4724409 -0.80708661 -0.37401575] }
 coordIndex [
  1,2,0,-1,1,3,2,-1]
  normalPerVertex TRUE
  normal DEF NORM_55 Normal { vector [
  1 0 0,1 0 0,
  1 0 0,1 0 0] }
}
}
DEF SHAPE_56 Shape {
 appearance USE APP_1
 geometry DEF FACE_56 IndexedFaceSet {
  coord DEF COORD_56 Coordinate { point [
  2.2598425 -0.80708661 -0.49212598,2.2568812 -0.78080461 -0.49212598,
  2.2481459 -0.7558405 -0.49212598,2.2340746 -0.73344609 -0.49212598,
  2.2153728 -0.71474431 -0.49212598,2.1929784 -0.70067297 -0.49212598,
  2.1680143 -0.69193765 -0.49212598,2.1417323 -0.68897638 -0.49212598,
  2.1417323 -0.68897638 -0.37401575,2.2598425 -0.80708661 -0.37401575,
  2.2568812 -0.78080461 -0.37401575,2.2481459 -0.7558405 -0.37401575,
  2.2340746 -0.73344609 -0.37401575,2.2153728 -0.71474431 -0.37401575,
  2.1929784 -0.70067297 -0.37401575,2.1680143 -0.69193765 -0.37401575] }
 coordIndex [
  10,1,0,-1,10,0,9,-1,11,2,1,-1,11,1,10,-1,12,3,2,-1,12,2,11,-1,13,4,3,-1,13,3,12,-1,
  14,5,4,-1,14,4,13,-1,15,6,5,-1,15,5,14,-1,8,7,6,-1,8,6,15,-1]
  normalPerVertex TRUE
  normal DEF NORM_56 Normal { vector [
  -0.99371221 -0.11196448 0,-0.96588956 -0.25895436 0,
  -0.88404993 -0.46739248 0,-0.75788034 -0.65239359 0,
  -0.59370746 -0.80468096 0,-0.39976362 -0.91661827 0,
  -0.18577396 -0.98259251 0,-0.11196448 -0.99371221 0,
  -0.11196448 -0.99371221 0,-0.99371221 -0.11196448 0,
  -0.98259251 -0.18577396 0,-0.91661827 -0.39976362 0,
  -0.80468096 -0.59370746 0,-0.65239359 -0.75788034 0,
  -0.46739248 -0.88404993 0,-0.25895436 -0.96588956 0] }
}
}
DEF SHAPE_57 Shape {
 appearance USE APP_1
 geometry DEF FACE_57 IndexedFaceSet {
  coord DEF COORD_57 Coordinate { point [
  1.5905512 -0.68897638 -0.49212598,1.559982 -0.69300089 -0.49212598,
  1.5314961 -0.70480015 -0.49212598,1.5070346 -0.72357007 -0.49212598,
  1.4882647 -0.7480315 -0.49212598,1.4764655 -0.77651744 -0.49212598,
  1.4724409 -0.80708661 -0.49212598,1.4724409 -0.80708661 -0.37401575,
  1.5905512 -0.68897638 -0.37401575,1.559982 -0.69300089 -0.37401575,
  1.5314961 -0.70480015 -0.37401575,1.5070346 -0.72357007 -0.37401575,
  1.4882647 -0.7480315 -0.37401575,1.4764655 -0.77651744 -0.37401575] }
 coordIndex [
  9,1,0,-1,9,0,8,-1,10,2,1,-1,10,1,9,-1,11,3,2,-1,11,2,10,-1,12,4,3,-1,12,3,11,-1,
  13,5,4,-1,13,6,5,-1,13,4,12,-1,7,6,13,-1]
  normalPerVertex TRUE
  normal DEF NORM_57 Normal { vector [
  0.13052619 -0.99144486 0,0.30091828 -0.95364993 0,
  0.5374875 -0.84327172 0,0.73742784 -0.67542593 0,
  0.88711369 -0.46155098 0,0.96592583 -0.25881905 0,
  0.99144486 -0.13052619 0,0.99144486 -0.13052619 0,
  0.13052619 -0.99144486 0,0.21622209 -0.9763442 0,
  0.46155098 -0.88711369 0,0.67542593 -0.73742784 0,
  0.84327172 -0.5374875 0,0.96592583 -0.25881905 0] }
}
}
DEF SHAPE_58 Shape {
 appearance USE APP_1
 geometry DEF FACE_58 IndexedFaceSet {
  coord DEF COORD_58 Coordinate { point [
  1.5905512 -0.68897638 -0.49212598,2.1417323 -0.68897638 -0.49212598,
  1.5905512 -0.68897638 -0.37401575,2.1417323 -0.68897638 -0.37401575] }
 coordIndex [
  1,2,0,-1,1,3,2,-1]
  normalPerVertex TRUE
  normal DEF NORM_58 Normal { vector [
  0 -1 0,0 -1 0,
  0 -1 0,0 -1 0] }
}
}
DEF SHAPE_59 Shape {
 appearance USE APP_1
 geometry DEF FACE_59 IndexedFaceSet {
  coord DEF COORD_59 Coordinate { point [
  -2.3228346 2.253937 0.098425197,-2.3228346 2.253937 -0.25590551,
  -3.1102362 2.253937 0.098425197,-3.1102362 2.253937 -0.25590551] }
 coordIndex [
  3,1,0,-1,3,0,2,-1]
  normalPerVertex TRUE
  normal DEF NORM_59 Normal { vector [
  0 -1 0,0 -1 0,
  0 -1 0,0 -1 0] }
}
}
DEF SHAPE_60 Shape {
 appearance USE APP_1
 geometry DEF FACE_60 IndexedFaceSet {
  coord DEF COORD_60 Coordinate { point [
  -3.1102362 -2.253937 -0.25590551,-3.1102362 -2.3720472 -0.25590551,
  -3.1102362 -2.3736606 -0.27110992,-3.1102362 -2.3784287 -0.2856372,
  -3.1102362 -2.3861393 -0.29884038,-3.1102362 -2.3964489 -0.31013145,
  -3.1102362 -2.318118 -0.39852997,-3.1102362 -2.2581804 -0.29589598,
  -3.1102362 -2.2707214 -0.33410547,-3.1102362 -2.2910017 -0.36883232] }
 coordIndex [
  5,9,6,-1,4,9,5,-1,3,8,9,-1,3,9,4,-1,2,7,8,-1,2,8,3,-1,1,0,7,-1,1,7,2,-1]
  normalPerVertex TRUE
  normal DEF NORM_60 Normal { vector [
  -1 0 0,-1 0 0,
  -1 0 0,-1 0 0,
  -1 0 0,-1 0 0,
  -1 0 0,-1 0 0,
  -1 0 0,-1 0 0] }
}
}
DEF SHAPE_61 Shape {
 appearance USE APP_1
 geometry DEF FACE_61 IndexedFaceSet {
  coord DEF COORD_61 Coordinate { point [
  -3.1102362 2.253937 -0.25590551,-3.1102362 2.2581804 -0.29589598,
  -3.1102362 2.2707214 -0.33410547,-3.1102362 2.2910017 -0.36883232,
  -3.1102362 2.318118 -0.39852997,-3.1102362 2.3964489 -0.31013145,
  -3.1102362 2.3720472 -0.25590551,-3.1102362 2.3736606 -0.27110992,
  -3.1102362 2.3784287 -0.2856372,-3.1102362 2.3861393 -0.29884038] }
 coordIndex [
  6,1,0,-1,7,2,1,-1,7,1,6,-1,8,3,2,-1,8,2,7,-1,9,4,3,-1,9,3,8,-1,5,4,9,-1]
  normalPerVertex TRUE
  normal DEF NORM_61 Normal { vector [
  -1 0 0,-1 0 0,
  -1 0 0,-1 0 0,
  -1 0 0,-1 0 0,
  -1 0 0,-1 0 0,
  -1 0 0,-1 0 0] }
}
}
DEF SHAPE_62 Shape {
 appearance USE APP_1
 geometry DEF FACE_62 IndexedFaceSet {
  coord DEF COORD_62 Coordinate { point [
  -2.3228346 -2.3720472 -0.25590551,-2.3228346 -2.253937 -0.25590551,
  -2.3228346 -2.253937 0.098425197,-2.3228346 -2.3720472 0.098425197] }
 coordIndex [
  0,1,2,-1,0,2,3,-1]
  normalPerVertex TRUE
  normal DEF NORM_62 Normal { vector [
  1 0 0,1 0 0,
  1 0 0,1 0 0] }
}
}
DEF SHAPE_63 Shape {
 appearance USE APP_1
 geometry DEF FACE_63 IndexedFaceSet {
  coord DEF COORD_63 Coordinate { point [
  -2.3228346 -2.253937 -0.25590551,-2.3228346 -2.2581804 -0.29589598,
  -2.3228346 -2.2707214 -0.33410547,-2.3228346 -2.2910017 -0.36883232,
  -2.3228346 -2.318118 -0.39852997,-3.1102362 -2.318118 -0.39852997,
  -3.1102362 -2.253937 -0.25590551,-3.1102362 -2.2581804 -0.29589598,
  -3.1102362 -2.2707214 -0.33410547,-3.1102362 -2.2910017 -0.36883232] }
 coordIndex [
  6,0,1,-1,7,1,2,-1,7,6,1,-1,8,7,2,-1,9,2,3,-1,9,8,2,-1,5,3,4,-1,5,9,3,-1]
  normalPerVertex TRUE
  normal DEF NORM_63 Normal { vector [
  0 0.99441753 -0.10551669,0 0.98453933 -0.17516368,
  0 0.91192151 -0.41036468,0 0.78404776 -0.6207005,
  0 0.73847235 -0.67428375,0 0.73847235 -0.67428375,
  0 0.99441753 -0.10551669,0 0.96970357 -0.24428463,
  0 0.91192151 -0.41036468,0 0.8259416 -0.56375569] }
}
}
DEF SHAPE_64 Shape {
 appearance USE APP_1
 geometry DEF FACE_64 IndexedFaceSet {
  coord DEF COORD_64 Coordinate { point [
  -3.1102362 -2.3720472 -0.25590551,-2.3228346 -2.3720472 -0.25590551,
  -2.3228346 -2.3736606 -0.27110992,-2.3228346 -2.3784287 -0.2856372,
  -2.3228346 -2.3861393 -0.29884038,-2.3228346 -2.3964489 -0.31013145,
  -3.1102362 -2.3964489 -0.31013145,-3.1102362 -2.3736606 -0.27110992,
  -3.1102362 -2.3784287 -0.2856372,-3.1102362 -2.3861393 -0.29884038] }
 coordIndex [
  4,6,5,-1,4,8,9,-1,4,9,6,-1,3,7,8,-1,3,8,4,-1,2,0,7,-1,2,7,3,-1,1,0,2,-1]
  normalPerVertex TRUE
  normal DEF NORM_64 Normal { vector [
  0 -0.99441753 0.10551669,0 -0.99441753 0.10551669,
  0 -0.98453933 0.17516368,0 -0.92585702 0.37787402,
  0 -0.80549805 0.59259843,0 -0.73847235 0.67428375,
  0 -0.73847235 0.67428375,0 -0.96970357 0.24428463,
  0 -0.89684623 0.44234245,0 -0.80549805 0.59259843] }
}
}
DEF SHAPE_65 Shape {
 appearance USE APP_1
 geometry DEF FACE_65 IndexedFaceSet {
  coord DEF COORD_65 Coordinate { point [
  -2.3228346 2.3720472 0.098425197,-2.3228346 2.3720472 -0.25590551,
  -2.3228346 2.253937 0.098425197,-2.3228346 2.253937 -0.25590551] }
 coordIndex [
  3,1,0,-1,3,0,2,-1]
  normalPerVertex TRUE
  normal DEF NORM_65 Normal { vector [
  1 0 0,1 0 0,
  1 0 0,1 0 0] }
}
}
DEF SHAPE_66 Shape {
 appearance USE APP_1
 geometry DEF FACE_66 IndexedFaceSet {
  coord DEF COORD_66 Coordinate { point [
  -3.1102362 2.3720472 -0.25590551,-3.1102362 2.3736606 -0.27110992,
  -3.1102362 2.3784287 -0.2856372,-3.1102362 2.3861393 -0.29884038,
  -3.1102362 2.3964489 -0.31013145,-2.3228346 2.3964489 -0.31013145,
  -2.3228346 2.3720472 -0.25590551,-2.3228346 2.3736606 -0.27110992,
  -2.3228346 2.3784287 -0.2856372,-2.3228346 2.3861393 -0.29884038] }
 coordIndex [
  7,1,0,-1,7,0,6,-1,8,2,1,-1,8,1,7,-1,9,3,2,-1,9,2,8,-1,5,4,3,-1,5,3,9,-1]
  normalPerVertex TRUE
  normal DEF NORM_66 Normal { vector [
  0 0.99441753 0.10551669,0 0.96970357 0.24428463,
  0 0.89684623 0.44234245,0 0.78404776 0.6207005,
  0 0.73847235 0.67428375,0 0.73847235 0.67428375,
  0 0.99441753 0.10551669,0 0.98453933 0.17516368,
  0 0.92585702 0.37787402,0 0.8259416 0.56375569] }
}
}
DEF SHAPE_67 Shape {
 appearance USE APP_1
 geometry DEF FACE_67 IndexedFaceSet {
  coord DEF COORD_67 Coordinate { point [
  -2.3228346 2.253937 -0.25590551,-3.1102362 2.253937 -0.25590551,
  -3.1102362 2.2581804 -0.29589598,-3.1102362 2.2707214 -0.33410547,
  -3.1102362 2.2910017 -0.36883232,-3.1102362 2.318118 -0.39852997,
  -2.3228346 2.318118 -0.39852997,-2.3228346 2.2581804 -0.29589598,
  -2.3228346 2.2707214 -0.33410547,-2.3228346 2.2910017 -0.36883232] }
 coordIndex [
  4,5,6,-1,4,6,9,-1,3,9,8,-1,3,4,9,-1,2,8,7,-1,2,3,8,-1,1,7,0,-1,1,2,7,-1]
  normalPerVertex TRUE
  normal DEF NORM_67 Normal { vector [
  0 -0.99441753 -0.10551669,0 -0.99441753 -0.10551669,
  0 -0.96970357 -0.24428463,0 -0.89684623 -0.44234245,
  0 -0.78404776 -0.6207005,0 -0.73847235 -0.67428375,
  0 -0.73847235 -0.67428375,0 -0.98453933 -0.17516368,
  0 -0.92585702 -0.37787402,0 -0.8259416 -0.56375569] }
}
}
DEF SHAPE_68 Shape {
 appearance USE APP_1
 geometry DEF FACE_68 IndexedFaceSet {
  coord DEF COORD_68 Coordinate { point [
  -3.1102362 -2.318118 -0.39852997,-3.1102362 -2.3964489 -0.31013145,
  -3.1102362 -2.4269055 -0.34451611,-3.1102362 -2.4482495 -0.38518971,
  -3.1102362 -2.4592409 -0.42978903,-3.1102362 -2.4592409 -0.47572278,
  -3.1102362 -2.4482495 -0.5203221,-3.1102362 -2.4269055 -0.5609957,
  -3.1102362 -2.3964489 -0.59538036,-3.1102362 -2.318118 -0.50698185,
  -3.1102362 -2.3296976 -0.41160304,-3.1102362 -2.3378127 -0.42706718,
  -3.1102362 -2.3419916 -0.44402388,-3.1102362 -2.3419916 -0.46148793,
  -3.1102362 -2.3378127 -0.47844463,-3.1102362 -2.3296976 -0.49390877] }
 coordIndex [
  15,9,8,-1,7,14,15,-1,7,15,8,-1,6,13,14,-1,6,14,7,-1,5,13,6,-1,4,12,13,-1,4,13,5,-1,
  3,11,12,-1,3,12,4,-1,2,10,11,-1,2,11,3,-1,1,0,10,-1,1,10,2,-1]
  normalPerVertex TRUE
  normal DEF NORM_68 Normal { vector [
  -1 0 0,-1 0 0,
  -1 0 0,-1 0 0,
  -1 0 0,-1 0 0,
  -1 0 0,-1 0 0,
  -1 0 0,-1 0 0,
  -1 0 0,-1 0 0,
  -1 0 0,-1 0 0,
  -1 0 0,-1 0 0] }
}
}
DEF SHAPE_69 Shape {
 appearance USE APP_1
 geometry DEF FACE_69 IndexedFaceSet {
  coord DEF COORD_69 Coordinate { point [
  -3.1102362 2.318118 -0.39852997,-3.1102362 2.3296976 -0.41160304,
  -3.1102362 2.3378127 -0.42706718,-3.1102362 2.3419916 -0.44402388,
  -3.1102362 2.3419916 -0.46148793,-3.1102362 2.3378127 -0.47844463,
  -3.1102362 2.3296976 -0.49390877,-3.1102362 2.318118 -0.50698185,
  -3.1102362 2.3964489 -0.59538036,-3.1102362 2.3964489 -0.31013145,
  -3.1102362 2.4269055 -0.34451611,-3.1102362 2.4482495 -0.38518971,
  -3.1102362 2.4592409 -0.42978903,-3.1102362 2.4592409 -0.47572278,
  -3.1102362 2.4482495 -0.5203221,-3.1102362 2.4269055 -0.5609957] }
 coordIndex [
  10,1,0,-1,10,2,1,-1,10,0,9,-1,11,3,2,-1,11,2,10,-1,12,3,11,-1,13,4,3,-1,13,3,12,-1,
  14,5,4,-1,14,4,13,-1,15,6,5,-1,15,7,6,-1,15,5,14,-1,8,7,15,-1]
  normalPerVertex TRUE
  normal DEF NORM_69 Normal { vector [
  -1 0 0,-1 0 0,
  -1 0 0,-1 0 0,
  -1 0 0,-1 0 0,
  -1 0 0,-1 0 0,
  -1 0 0,-1 0 0,
  -1 0 0,-1 0 0,
  -1 0 0,-1 0 0,
  -1 0 0,-1 0 0] }
}
}
DEF SHAPE_70 Shape {
 appearance USE APP_1
 geometry DEF FACE_70 IndexedFaceSet {
  coord DEF COORD_70 Coordinate { point [
  -2.3228346 -2.3720472 -0.25590551,-2.3228346 -2.253937 -0.25590551,
  -2.3228346 -2.2581804 -0.29589598,-2.3228346 -2.2707214 -0.33410547,
  -2.3228346 -2.2910017 -0.36883232,-2.3228346 -2.318118 -0.39852997,
  -2.3228346 -2.3964489 -0.31013145,-2.3228346 -2.3736606 -0.27110992,
  -2.3228346 -2.3784287 -0.2856372,-2.3228346 -2.3861393 -0.29884038] }
 coordIndex [
  5,9,6,-1,4,8,9,-1,4,9,5,-1,3,7,8,-1,3,8,4,-1,2,0,7,-1,2,7,3,-1,1,0,2,-1]
  normalPerVertex TRUE
  normal DEF NORM_70 Normal { vector [
  1 0 0,1 0 0,
  1 0 0,1 0 0,
  1 0 0,1 0 0,
  1 0 0,1 0 0,
  1 0 0,1 0 0] }
}
}
DEF SHAPE_71 Shape {
 appearance USE APP_1
 geometry DEF FACE_71 IndexedFaceSet {
  coord DEF COORD_71 Coordinate { point [
  -2.3228346 -2.318118 -0.39852997,-3.1102362 -2.318118 -0.39852997,
  -3.1102362 -2.3296976 -0.41160304,-3.1102362 -2.3378127 -0.42706718,
  -3.1102362 -2.3419916 -0.44402388,-3.1102362 -2.3419916 -0.46148793,
  -3.1102362 -2.3378127 -0.47844463,-3.1102362 -2.3296976 -0.49390877,
  -3.1102362 -2.318118 -0.50698185,-2.3228346 -2.318118 -0.50698185,
  -2.3228346 -2.3296976 -0.41160304,-2.3228346 -2.3378127 -0.42706718,
  -2.3228346 -2.3419916 -0.44402388,-2.3228346 -2.3419916 -0.46148793,
  -2.3228346 -2.3378127 -0.47844463,-2.3228346 -2.3296976 -0.49390877] }
 coordIndex [
  7,9,8,-1,7,15,9,-1,6,14,15,-1,6,15,7,-1,5,13,14,-1,5,14,6,-1,4,12,13,-1,4,13,5,-1,
  3,11,12,-1,3,12,4,-1,2,10,11,-1,2,11,3,-1,1,0,10,-1,1,10,2,-1]
  normalPerVertex TRUE
  normal DEF NORM_71 Normal { vector [
  0 0.74857074 -0.66305493,0 0.74857074 -0.66305493,
  0 0.84532121 -0.53425841,0 0.94860458 -0.31646383,
  0 0.99677218 -0.080282094,0 0.9870254 0.16056419,
  0 0.91993054 0.39208138,0 0.79938593 0.60081789,
  0 0.74857074 0.66305493,0 0.74857074 0.66305493,
  0 0.79938593 -0.60081789,0 0.91993054 -0.39208138,
  0 0.9870254 -0.16056419,0 0.99677218 0.080282094,
  0 0.94860458 0.31646383,0 0.84532121 0.53425841] }
}
}
DEF SHAPE_72 Shape {
 appearance USE APP_1
 geometry DEF FACE_72 IndexedFaceSet {
  coord DEF COORD_72 Coordinate { point [
  -3.1102362 -2.3964489 -0.31013145,-3.1102362 -2.4269055 -0.34451611,
  -3.1102362 -2.4482495 -0.38518971,-3.1102362 -2.4592409 -0.42978903,
  -3.1102362 -2.4592409 -0.47572278,-3.1102362 -2.4482495 -0.5203221,
  -3.1102362 -2.4269055 -0.5609957,-3.1102362 -2.3964489 -0.59538036,
  -2.3228346 -2.3964489 -0.59538036,-2.3228346 -2.3964489 -0.31013145,
  -2.3228346 -2.4269055 -0.34451611,-2.3228346 -2.4482495 -0.38518971,
  -2.3228346 -2.4592409 -0.42978903,-2.3228346 -2.4592409 -0.47572278,
  -2.3228346 -2.4482495 -0.5203221,-2.3228346 -2.4269055 -0.5609957] }
 coordIndex [
  10,0,1,-1,10,9,0,-1,11,1,2,-1,11,10,1,-1,12,2,3,-1,12,11,2,-1,13,3,4,-1,13,12,3,-1,
  14,4,5,-1,14,13,4,-1,15,5,6,-1,15,14,5,-1,8,6,7,-1,8,15,6,-1]
  normalPerVertex TRUE
  normal DEF NORM_72 Normal { vector [
  0 -0.74857074 0.66305493,0 -0.84532121 0.53425841,
  0 -0.94860458 0.31646383,0 -0.99677218 0.080282094,
  0 -0.9870254 -0.16056419,0 -0.91993054 -0.39208138,
  0 -0.79938593 -0.60081789,0 -0.74857074 -0.66305493,
  0 -0.74857074 -0.66305493,0 -0.74857074 0.66305493,
  0 -0.79938593 0.60081789,0 -0.91993054 0.39208138,
  0 -0.9870254 0.16056419,0 -0.99677218 -0.080282094,
  0 -0.94860458 -0.31646383,0 -0.84532121 -0.53425841] }
}
}
DEF SHAPE_73 Shape {
 appearance USE APP_1
 geometry DEF FACE_73 IndexedFaceSet {
  coord DEF COORD_73 Coordinate { point [
  -2.3228346 2.3720472 -0.25590551,-2.3228346 2.3736606 -0.27110992,
  -2.3228346 2.3784287 -0.2856372,-2.3228346 2.3861393 -0.29884038,
  -2.3228346 2.3964489 -0.31013145,-2.3228346 2.318118 -0.39852997,
  -2.3228346 2.253937 -0.25590551,-2.3228346 2.2581804 -0.29589598,
  -2.3228346 2.2707214 -0.33410547,-2.3228346 2.2910017 -0.36883232] }
 coordIndex [
  7,1,0,-1,7,0,6,-1,8,2,1,-1,8,1,7,-1,9,3,2,-1,9,4,3,-1,9,2,8,-1,5,4,9,-1]
  normalPerVertex TRUE
  normal DEF NORM_73 Normal { vector [
  1 0 0,1 0 0,
  1 0 0,1 0 0,
  1 0 0,1 0 0,
  1 0 0,1 0 0,
  1 0 0,1 0 0] }
}
}
DEF SHAPE_74 Shape {
 appearance USE APP_1
 geometry DEF FACE_74 IndexedFaceSet {
  coord DEF COORD_74 Coordinate { point [
  -3.1102362 2.3964489 -0.31013145,-2.3228346 2.3964489 -0.31013145,
  -2.3228346 2.4269055 -0.34451611,-2.3228346 2.4482495 -0.38518971,
  -2.3228346 2.4592409 -0.42978903,-2.3228346 2.4592409 -0.47572278,
  -2.3228346 2.4482495 -0.5203221,-2.3228346 2.4269055 -0.5609957,
  -2.3228346 2.3964489 -0.59538036,-3.1102362 2.3964489 -0.59538036,
  -3.1102362 2.4269055 -0.34451611,-3.1102362 2.4482495 -0.38518971,
  -3.1102362 2.4592409 -0.42978903,-3.1102362 2.4592409 -0.47572278,
  -3.1102362 2.4482495 -0.5203221,-3.1102362 2.4269055 -0.5609957] }
 coordIndex [
  7,8,9,-1,7,9,15,-1,6,15,14,-1,6,7,15,-1,5,14,13,-1,5,6,14,-1,4,13,12,-1,4,5,13,-1,
  3,12,11,-1,3,4,12,-1,2,11,10,-1,2,3,11,-1,1,10,0,-1,1,2,10,-1]
  normalPerVertex TRUE
  normal DEF NORM_74 Normal { vector [
  0 0.74857074 0.66305493,0 0.74857074 0.66305493,
  0 0.84532121 0.53425841,0 0.94860458 0.31646383,
  0 0.99677218 0.080282094,0 0.9870254 -0.16056419,
  0 0.91993054 -0.39208138,0 0.79938593 -0.60081789,
  0 0.74857074 -0.66305493,0 0.74857074 -0.66305493,
  0 0.79938593 0.60081789,0 0.91993054 0.39208138,
  0 0.9870254 0.16056419,0 0.99677218 -0.080282094,
  0 0.94860458 -0.31646383,0 0.84532121 -0.53425841] }
}
}
DEF SHAPE_75 Shape {
 appearance USE APP_1
 geometry DEF FACE_75 IndexedFaceSet {
  coord DEF COORD_75 Coordinate { point [
  -2.3228346 2.318118 -0.39852997,-2.3228346 2.3296976 -0.41160304,
  -2.3228346 2.3378127 -0.42706718,-2.3228346 2.3419916 -0.44402388,
  -2.3228346 2.3419916 -0.46148793,-2.3228346 2.3378127 -0.47844463,
  -2.3228346 2.3296976 -0.49390877,-2.3228346 2.318118 -0.50698185,
  -3.1102362 2.318118 -0.50698185,-3.1102362 2.318118 -0.39852997,
  -3.1102362 2.3296976 -0.41160304,-3.1102362 2.3378127 -0.42706718,
  -3.1102362 2.3419916 -0.44402388,-3.1102362 2.3419916 -0.46148793,
  -3.1102362 2.3378127 -0.47844463,-3.1102362 2.3296976 -0.49390877] }
 coordIndex [
  10,1,0,-1,10,0,9,-1,11,2,1,-1,11,1,10,-1,12,3,2,-1,12,2,11,-1,13,4,3,-1,13,3,12,-1,
  14,5,4,-1,14,4,13,-1,15,6,5,-1,15,5,14,-1,8,7,6,-1,8,6,15,-1]
  normalPerVertex TRUE
  normal DEF NORM_75 Normal { vector [
  0 -0.74857074 -0.66305493,0 -0.84532121 -0.53425841,
  0 -0.94860458 -0.31646383,0 -0.99677218 -0.080282094,
  0 -0.9870254 0.16056419,0 -0.91993054 0.39208138,
  0 -0.79938593 0.60081789,0 -0.74857074 0.66305493,
  0 -0.74857074 0.66305493,0 -0.74857074 -0.66305493,
  0 -0.79938593 -0.60081789,0 -0.91993054 -0.39208138,
  0 -0.9870254 -0.16056419,0 -0.99677218 0.080282094,
  0 -0.94860458 0.31646383,0 -0.84532121 0.53425841] }
}
}
DEF SHAPE_76 Shape {
 appearance USE APP_1
 geometry DEF FACE_76 IndexedFaceSet {
  coord DEF COORD_76 Coordinate { point [
  -3.1102362 -2.318118 -0.50698185,-3.1102362 -2.3964489 -0.59538036,
  -3.1102362 -2.3861393 -0.60667143,-3.1102362 -2.3784287 -0.61987461,
  -3.1102362 -2.3736606 -0.63440189,-3.1102362 -2.3720472 -0.6496063,
  -3.1102362 -2.253937 -0.6496063,-3.1102362 -2.2910017 -0.53667949,
  -3.1102362 -2.2707214 -0.57140634,-3.1102362 -2.2581804 -0.60961583] }
 coordIndex [
  5,9,6,-1,4,8,9,-1,4,9,5,-1,3,7,8,-1,3,8,4,-1,2,0,7,-1,2,7,3,-1,1,0,2,-1]
  normalPerVertex TRUE
  normal DEF NORM_76 Normal { vector [
  -1 0 0,-1 0 0,
  -1 0 0,-1 0 0,
  -1 0 0,-1 0 0,
  -1 0 0,-1 0 0,
  -1 0 0,-1 0 0] }
}
}
DEF SHAPE_77 Shape {
 appearance USE APP_1
 geometry DEF FACE_77 IndexedFaceSet {
  coord DEF COORD_77 Coordinate { point [
  -3.1102362 2.318118 -0.50698185,-3.1102362 2.2910017 -0.53667949,
  -3.1102362 2.2707214 -0.57140634,-3.1102362 2.2581804 -0.60961583,
  -3.1102362 2.253937 -0.6496063,-3.1102362 2.3720472 -0.6496063,
  -3.1102362 2.3964489 -0.59538036,-3.1102362 2.3861393 -0.60667143,
  -3.1102362 2.3784287 -0.61987461,-3.1102362 2.3736606 -0.63440189] }
 coordIndex [
  6,1,0,-1,7,1,6,-1,8,2,1,-1,8,1,7,-1,9,3,2,-1,9,2,8,-1,5,4,3,-1,5,3,9,-1]
  normalPerVertex TRUE
  normal DEF NORM_77 Normal { vector [
  -1 0 0,-1 0 0,
  -1 0 0,-1 0 0,
  -1 0 0,-1 0 0,
  -1 0 0,-1 0 0,
  -1 0 0,-1 0 0] }
}
}
DEF SHAPE_78 Shape {
 appearance USE APP_1
 geometry DEF FACE_78 IndexedFaceSet {
  coord DEF COORD_78 Coordinate { point [
  -2.3228346 -2.3964489 -0.31013145,-2.3228346 -2.318118 -0.39852997,
  -2.3228346 -2.3296976 -0.41160304,-2.3228346 -2.3378127 -0.42706718,
  -2.3228346 -2.3419916 -0.44402388,-2.3228346 -2.3419916 -0.46148793,
  -2.3228346 -2.3378127 -0.47844463,-2.3228346 -2.3296976 -0.49390877,
  -2.3228346 -2.318118 -0.50698185,-2.3228346 -2.3964489 -0.59538036,
  -2.3228346 -2.4269055 -0.34451611,-2.3228346 -2.4482495 -0.38518971,
  -2.3228346 -2.4592409 -0.42978903,-2.3228346 -2.4592409 -0.47572278,
  -2.3228346 -2.4482495 -0.5203221,-2.3228346 -2.4269055 -0.5609957] }
 coordIndex [
  8,15,9,-1,7,15,8,-1,6,14,15,-1,6,15,7,-1,5,13,14,-1,5,14,6,-1,4,11,12,-1,4,12,13,-1,
  4,13,5,-1,3,10,11,-1,3,11,4,-1,2,10,3,-1,0,2,1,-1,0,10,2,-1]
  normalPerVertex TRUE
  normal DEF NORM_78 Normal { vector [
  1 0 0,1 0 0,
  1 0 0,1 0 0,
  1 0 0,1 0 0,
  1 0 0,1 0 0,
  1 0 0,1 0 0,
  1 0 0,1 0 0,
  1 0 0,1 0 0,
  1 0 0,1 0 0] }
}
}
DEF SHAPE_79 Shape {
 appearance USE APP_1
 geometry DEF FACE_79 IndexedFaceSet {
  coord DEF COORD_79 Coordinate { point [
  -2.3228346 -2.318118 -0.50698185,-2.3228346 -2.2910017 -0.53667949,
  -2.3228346 -2.2707214 -0.57140634,-2.3228346 -2.2581804 -0.60961583,
  -2.3228346 -2.253937 -0.6496063,-3.1102362 -2.253937 -0.6496063,
  -3.1102362 -2.318118 -0.50698185,-3.1102362 -2.2910017 -0.53667949,
  -3.1102362 -2.2707214 -0.57140634,-3.1102362 -2.2581804 -0.60961583] }
 coordIndex [
  7,0,1,-1,7,6,0,-1,8,1,2,-1,8,7,1,-1,9,2,3,-1,9,3,4,-1,9,8,2,-1,5,9,4,-1]
  normalPerVertex TRUE
  normal DEF NORM_79 Normal { vector [
  0 0.73847235 0.67428375,0 0.8259416 0.56375569,
  0 0.92585702 0.37787402,0 0.97773245 0.2098553,
  0 0.99441753 0.10551669,0 0.99441753 0.10551669,
  0 0.73847235 0.67428375,0 0.78404776 0.6207005,
  0 0.89684623 0.44234245,0 0.97773245 0.2098553] }
}
}
DEF SHAPE_80 Shape {
 appearance USE APP_1
 geometry DEF FACE_80 IndexedFaceSet {
  coord DEF COORD_80 Coordinate { point [
  -3.1102362 -2.3964489 -0.59538036,-2.3228346 -2.3964489 -0.59538036,
  -2.3228346 -2.3861393 -0.60667143,-2.3228346 -2.3784287 -0.61987461,
  -2.3228346 -2.3736606 -0.63440189,-2.3228346 -2.3720472 -0.6496063,
  -3.1102362 -2.3720472 -0.6496063,-3.1102362 -2.3861393 -0.60667143,
  -3.1102362 -2.3784287 -0.61987461,-3.1102362 -2.3736606 -0.63440189] }
 coordIndex [
  5,9,6,-1,4,9,5,-1,3,8,9,-1,3,9,4,-1,2,7,8,-1,2,8,3,-1,1,0,7,-1,1,7,2,-1]
  normalPerVertex TRUE
  normal DEF NORM_80 Normal { vector [
  0 -0.73847235 -0.67428375,0 -0.73847235 -0.67428375,
  0 -0.8259416 -0.56375569,0 -0.92585702 -0.37787402,
  0 -0.97773245 -0.2098553,0 -0.99441753 -0.10551669,
  0 -0.99441753 -0.10551669,0 -0.78404776 -0.6207005,
  0 -0.89684623 -0.44234245,0 -0.97773245 -0.2098553] }
}
}
DEF SHAPE_81 Shape {
 appearance USE APP_1
 geometry DEF FACE_81 IndexedFaceSet {
  coord DEF COORD_81 Coordinate { point [
  -2.3228346 2.3964489 -0.31013145,-2.3228346 2.4269055 -0.34451611,
  -2.3228346 2.4482495 -0.38518971,-2.3228346 2.4592409 -0.42978903,
  -2.3228346 2.4592409 -0.47572278,-2.3228346 2.4482495 -0.5203221,
  -2.3228346 2.4269055 -0.5609957,-2.3228346 2.3964489 -0.59538036,
  -2.3228346 2.318118 -0.50698185,-2.3228346 2.318118 -0.39852997,
  -2.3228346 2.3296976 -0.41160304,-2.3228346 2.3378127 -0.42706718,
  -2.3228346 2.3419916 -0.44402388,-2.3228346 2.3419916 -0.46148793,
  -2.3228346 2.3378127 -0.47844463,-2.3228346 2.3296976 -0.49390877] }
 coordIndex [
  9,1,0,-1,10,1,9,-1,11,2,1,-1,11,1,10,-1,12,3,2,-1,12,2,11,-1,13,4,3,-1,13,5,4,-1,
  13,3,12,-1,14,6,5,-1,14,5,13,-1,15,6,14,-1,7,15,8,-1,7,6,15,-1]
  normalPerVertex TRUE
  normal DEF NORM_81 Normal { vector [
  1 0 0,1 0 0,
  1 0 0,1 0 0,
  1 0 0,1 0 0,
  1 0 0,1 0 0,
  1 0 0,1 0 0,
  1 0 0,1 0 0,
  1 0 0,1 0 0,
  1 0 0,1 0 0] }
}
}
DEF SHAPE_82 Shape {
 appearance USE APP_1
 geometry DEF FACE_82 IndexedFaceSet {
  coord DEF COORD_82 Coordinate { point [
  -3.1102362 2.3964489 -0.59538036,-3.1102362 2.3861393 -0.60667143,
  -3.1102362 2.3784287 -0.61987461,-3.1102362 2.3736606 -0.63440189,
  -3.1102362 2.3720472 -0.6496063,-2.3228346 2.3720472 -0.6496063,
  -2.3228346 2.3964489 -0.59538036,-2.3228346 2.3861393 -0.60667143,
  -2.3228346 2.3784287 -0.61987461,-2.3228346 2.3736606 -0.63440189] }
 coordIndex [
  7,1,0,-1,7,0,6,-1,8,2,1,-1,8,1,7,-1,9,3,2,-1,9,4,3,-1,9,2,8,-1,5,4,9,-1]
  normalPerVertex TRUE
  normal DEF NORM_82 Normal { vector [
  0 0.73847235 -0.67428375,0 0.8259416 -0.56375569,
  0 0.92585702 -0.37787402,0 0.97773245 -0.2098553,
  0 0.99441753 -0.10551669,0 0.99441753 -0.10551669,
  0 0.73847235 -0.67428375,0 0.78404776 -0.6207005,
  0 0.89684623 -0.44234245,0 0.97773245 -0.2098553] }
}
}
DEF SHAPE_83 Shape {
 appearance USE APP_1
 geometry DEF FACE_83 IndexedFaceSet {
  coord DEF COORD_83 Coordinate { point [
  -2.3228346 2.318118 -0.50698185,-3.1102362 2.318118 -0.50698185,
  -3.1102362 2.2910017 -0.53667949,-3.1102362 2.2707214 -0.57140634,
  -3.1102362 2.2581804 -0.60961583,-3.1102362 2.253937 -0.6496063,
  -2.3228346 2.253937 -0.6496063,-2.3228346 2.2910017 -0.53667949,
  -2.3228346 2.2707214 -0.57140634,-2.3228346 2.2581804 -0.60961583] }
 coordIndex [
  5,6,9,-1,4,5,9,-1,3,9,8,-1,3,4,9,-1,2,8,7,-1,2,3,8,-1,1,7,0,-1,1,2,7,-1]
  normalPerVertex TRUE
  normal DEF NORM_83 Normal { vector [
  0 -0.73847235 0.67428375,0 -0.73847235 0.67428375,
  0 -0.8259416 0.56375569,0 -0.92585702 0.37787402,
  0 -0.97773245 0.2098553,0 -0.99441753 0.10551669,
  0 -0.99441753 0.10551669,0 -0.78404776 0.6207005,
  0 -0.89684623 0.44234245,0 -0.97773245 0.2098553] }
}
}
DEF SHAPE_84 Shape {
 appearance USE APP_1
 geometry DEF FACE_84 IndexedFaceSet {
  coord DEF COORD_84 Coordinate { point [
  -3.1102362 -2.253937 -0.76771654,-3.1102362 -2.3720472 -0.76771654,
  -3.1102362 -2.3720472 -0.6496063,-3.1102362 -2.253937 -0.6496063] }
 coordIndex [
  3,1,2,-1,0,1,3,-1]
  normalPerVertex TRUE
  normal DEF NORM_84 Normal { vector [
  -1 0 0,-1 0 0,
  -1 0 0,-1 0 0] }
}
}
DEF SHAPE_85 Shape {
 appearance USE APP_1
 geometry DEF FACE_85 IndexedFaceSet {
  coord DEF COORD_85 Coordinate { point [
  -3.1102362 2.253937 -0.6496063,-3.1102362 2.253937 -0.76771654,
  -3.1102362 2.3720472 -0.6496063,-3.1102362 2.3720472 -0.76771654] }
 coordIndex [
  3,1,0,-1,3,0,2,-1]
  normalPerVertex TRUE
  normal DEF NORM_85 Normal { vector [
  -1 0 0,-1 0 0,
  -1 0 0,-1 0 0] }
}
}
DEF SHAPE_86 Shape {
 appearance USE APP_1
 geometry DEF FACE_86 IndexedFaceSet {
  coord DEF COORD_86 Coordinate { point [
  -2.3228346 -2.3964489 -0.59538036,-2.3228346 -2.318118 -0.50698185,
  -2.3228346 -2.2910017 -0.53667949,-2.3228346 -2.2707214 -0.57140634,
  -2.3228346 -2.2581804 -0.60961583,-2.3228346 -2.253937 -0.6496063,
  -2.3228346 -2.3720472 -0.6496063,-2.3228346 -2.3861393 -0.60667143,
  -2.3228346 -2.3784287 -0.61987461,-2.3228346 -2.3736606 -0.63440189] }
 coordIndex [
  4,6,5,-1,4,9,6,-1,3,8,9,-1,3,9,4,-1,2,7,8,-1,2,8,3,-1,1,0,7,-1,1,7,2,-1]
  normalPerVertex TRUE
  normal DEF NORM_86 Normal { vector [
  1 0 0,1 0 0,
  1 0 0,1 0 0,
  1 0 0,1 0 0,
  1 0 0,1 0 0,
  1 0 0,1 0 0] }
}
}
DEF SHAPE_87 Shape {
 appearance USE APP_1
 geometry DEF FACE_87 IndexedFaceSet {
  coord DEF COORD_87 Coordinate { point [
  -2.6771654 -2.253937 -1.1220472,-2.5854578 -2.253937 -1.1099737,
  -2.5 -2.253937 -1.0745759,-2.4266157 -2.253937 -1.0182662,
  -2.370306 -2.253937 -0.94488189,-2.3349082 -2.253937 -0.85942407,
  -2.3228346 -2.253937 -0.76771654,-2.7559055 -2.253937 -1.1220472,
  -3.1102362 -2.253937 -0.76771654,-3.0981627 -2.253937 -0.85942407,
  -3.0627649 -2.253937 -0.94488189,-3.0064552 -2.253937 -1.0182662,
  -2.9330709 -2.253937 -1.0745759,-2.847613 -2.253937 -1.1099737,
  -3.1102362 -2.253937 -0.6496063,-2.3228346 -2.253937 -0.6496063] }
 coordIndex [
  13,12,11,-1,7,9,8,-1,7,10,9,-1,7,11,10,-1,7,13,11,-1,0,7,8,-1,6,8,14,-1,6,14,15,-1,
  6,0,8,-1,4,6,5,-1,3,1,0,-1,3,2,1,-1,3,0,6,-1,3,6,4,-1]
  normalPerVertex TRUE
  normal DEF NORM_87 Normal { vector [
  0 1 0,0 1 0,
  0 1 0,0 1 0,
  0 1 0,0 1 0,
  0 1 0,0 1 0,
  0 1 0,0 1 0,
  0 1 0,0 1 0,
  0 1 0,0 1 0,
  0 1 0,0 1 0] }
}
}
DEF SHAPE_88 Shape {
 appearance USE APP_1
 geometry DEF FACE_88 IndexedFaceSet {
  coord DEF COORD_88 Coordinate { point [
  -3.1102362 -2.3720472 -0.76771654,-3.0981627 -2.3720472 -0.85942407,
  -3.0627649 -2.3720472 -0.94488189,-3.0064552 -2.3720472 -1.0182662,
  -2.9330709 -2.3720472 -1.0745759,-2.847613 -2.3720472 -1.1099737,
  -2.7559055 -2.3720472 -1.1220472,-2.6771654 -2.3720472 -1.1220472,
  -2.5854578 -2.3720472 -1.1099737,-2.5 -2.3720472 -1.0745759,
  -2.4266157 -2.3720472 -1.0182662,-2.370306 -2.3720472 -0.94488189,
  -2.3349082 -2.3720472 -0.85942407,-2.3228346 -2.3720472 -0.76771654,
  -2.3228346 -2.3720472 -0.6496063,-3.1102362 -2.3720472 -0.6496063] }
 coordIndex [
  11,12,13,-1,8,9,10,-1,8,10,11,-1,8,11,13,-1,7,8,13,-1,6,7,13,-1,0,13,14,-1,0,14,15,-1,
  0,6,13,-1,3,0,1,-1,3,1,2,-1,3,4,5,-1,3,5,6,-1,3,6,0,-1]
  normalPerVertex TRUE
  normal DEF NORM_88 Normal { vector [
  0 -1 0,0 -1 0,
  0 -1 0,0 -1 0,
  0 -1 0,0 -1 0,
  0 -1 0,0 -1 0,
  0 -1 0,0 -1 0,
  0 -1 0,0 -1 0,
  0 -1 0,0 -1 0,
  0 -1 0,0 -1 0] }
}
}
DEF SHAPE_89 Shape {
 appearance USE APP_1
 geometry DEF FACE_89 IndexedFaceSet {
  coord DEF COORD_89 Coordinate { point [
  -2.3228346 2.3964489 -0.59538036,-2.3228346 2.3861393 -0.60667143,
  -2.3228346 2.3784287 -0.61987461,-2.3228346 2.3736606 -0.63440189,
  -2.3228346 2.3720472 -0.6496063,-2.3228346 2.253937 -0.6496063,
  -2.3228346 2.318118 -0.50698185,-2.3228346 2.2910017 -0.53667949,
  -2.3228346 2.2707214 -0.57140634,-2.3228346 2.2581804 -0.60961583] }
 coordIndex [
  7,1,0,-1,7,2,1,-1,7,0,6,-1,8,3,2,-1,8,2,7,-1,9,4,3,-1,9,3,8,-1,5,4,9,-1]
  normalPerVertex TRUE
  normal DEF NORM_89 Normal { vector [
  1 0 0,1 0 0,
  1 0 0,1 0 0,
  1 0 0,1 0 0,
  1 0 0,1 0 0,
  1 0 0,1 0 0] }
}
}
DEF SHAPE_90 Shape {
 appearance USE APP_1
 geometry DEF FACE_90 IndexedFaceSet {
  coord DEF COORD_90 Coordinate { point [
  -3.1102362 2.3720472 -0.6496063,-3.1102362 2.3720472 -0.76771654,
  -2.3228346 2.3720472 -0.6496063,-2.3228346 2.3720472 -0.76771654,
  -2.6771654 2.3720472 -1.1220472,-2.5854578 2.3720472 -1.1099737,
  -2.5 2.3720472 -1.0745759,-2.4266157 2.3720472 -1.0182662,
  -2.370306 2.3720472 -0.94488189,-2.3349082 2.3720472 -0.85942407,
  -2.7559055 2.3720472 -1.1220472,-3.0981627 2.3720472 -0.85942407,
  -3.0627649 2.3720472 -0.94488189,-3.0064552 2.3720472 -1.0182662,
  -2.9330709 2.3720472 -1.0745759,-2.847613 2.3720472 -1.1099737] }
 coordIndex [
  2,1,0,-1,10,11,1,-1,10,12,11,-1,10,13,12,-1,10,14,13,-1,10,15,14,-1,4,10,1,-1,3,1,2,-1,
  3,4,1,-1,7,5,4,-1,7,6,5,-1,7,9,8,-1,7,3,9,-1,7,4,3,-1]
  normalPerVertex TRUE
  normal DEF NORM_90 Normal { vector [
  0 1 0,0 1 0,
  0 1 0,0 1 0,
  0 1 0,0 1 0,
  0 1 0,0 1 0,
  0 1 0,0 1 0,
  0 1 0,0 1 0,
  0 1 0,0 1 0,
  0 1 0,0 1 0] }
}
}
DEF SHAPE_91 Shape {
 appearance USE APP_1
 geometry DEF FACE_91 IndexedFaceSet {
  coord DEF COORD_91 Coordinate { point [
  -2.3228346 2.253937 -0.6496063,-2.3228346 2.253937 -0.76771654,
  -3.1102362 2.253937 -0.6496063,-3.1102362 2.253937 -0.76771654,
  -3.0981627 2.253937 -0.85942407,-3.0627649 2.253937 -0.94488189,
  -3.0064552 2.253937 -1.0182662,-2.9330709 2.253937 -1.0745759,
  -2.847613 2.253937 -1.1099737,-2.7559055 2.253937 -1.1220472,
  -2.6771654 2.253937 -1.1220472,-2.5854578 2.253937 -1.1099737,
  -2.5 2.253937 -1.0745759,-2.4266157 2.253937 -1.0182662,
  -2.370306 2.253937 -0.94488189,-2.3349082 2.253937 -0.85942407] }
 coordIndex [
  11,12,13,-1,10,13,14,-1,10,14,15,-1,10,15,1,-1,10,11,13,-1,3,1,0,-1,3,0,2,-1,9,10,1,-1,
  9,1,3,-1,6,3,4,-1,6,4,5,-1,6,7,8,-1,6,8,9,-1,6,9,3,-1]
  normalPerVertex TRUE
  normal DEF NORM_91 Normal { vector [
  0 -1 0,0 -1 0,
  0 -1 0,0 -1 0,
  0 -1 0,0 -1 0,
  0 -1 0,0 -1 0,
  0 -1 0,0 -1 0,
  0 -1 0,0 -1 0,
  0 -1 0,0 -1 0,
  0 -1 0,0 -1 0] }
}
}
DEF SHAPE_92 Shape {
 appearance USE APP_1
 geometry DEF FACE_92 IndexedFaceSet {
  coord DEF COORD_92 Coordinate { point [
  -3.1102362 -2.253937 -0.76771654,-3.0981627 -2.253937 -0.85942407,
  -3.0627649 -2.253937 -0.94488189,-3.0064552 -2.253937 -1.0182662,
  -2.9330709 -2.253937 -1.0745759,-2.847613 -2.253937 -1.1099737,
  -2.7559055 -2.253937 -1.1220472,-2.7559055 -2.3720472 -1.1220472,
  -3.1102362 -2.3720472 -0.76771654,-3.0981627 -2.3720472 -0.85942407,
  -3.0627649 -2.3720472 -0.94488189,-3.0064552 -2.3720472 -1.0182662,
  -2.9330709 -2.3720472 -1.0745759,-2.847613 -2.3720472 -1.1099737] }
 coordIndex [
  9,0,1,-1,9,8,0,-1,10,1,2,-1,10,9,1,-1,11,2,3,-1,11,10,2,-1,12,3,4,-1,12,11,3,-1,
  13,4,5,-1,13,12,4,-1,7,5,6,-1,7,13,5,-1]
  normalPerVertex TRUE
  normal DEF NORM_92 Normal { vector [
  -0.99144486 0 -0.13052619,-0.95364993 0 -0.30091828,
  -0.84327172 0 -0.5374875,-0.67542593 0 -0.73742784,
  -0.46155098 0 -0.88711369,-0.21622209 0 -0.9763442,
  -0.13052619 0 -0.99144486,-0.13052619 0 -0.99144486,
  -0.99144486 0 -0.13052619,-0.9763442 0 -0.21622209,
  -0.88711369 0 -0.46155098,-0.73742784 0 -0.67542593,
  -0.5374875 0 -0.84327172,-0.30091828 0 -0.95364993] }
}
}
DEF SHAPE_93 Shape {
 appearance USE APP_1
 geometry DEF FACE_93 IndexedFaceSet {
  coord DEF COORD_93 Coordinate { point [
  -3.1102362 2.253937 -0.76771654,-3.1102362 2.3720472 -0.76771654,
  -3.0981627 2.3720472 -0.85942407,-3.0627649 2.3720472 -0.94488189,
  -3.0064552 2.3720472 -1.0182662,-2.9330709 2.3720472 -1.0745759,
  -2.847613 2.3720472 -1.1099737,-2.7559055 2.3720472 -1.1220472,
  -2.7559055 2.253937 -1.1220472,-3.0981627 2.253937 -0.85942407,
  -3.0627649 2.253937 -0.94488189,-3.0064552 2.253937 -1.0182662,
  -2.9330709 2.253937 -1.0745759,-2.847613 2.253937 -1.1099737] }
 coordIndex [
  6,7,8,-1,6,8,13,-1,5,13,12,-1,5,6,13,-1,4,12,11,-1,4,5,12,-1,3,11,10,-1,3,4,11,-1,
  2,10,9,-1,2,3,10,-1,1,9,0,-1,1,2,9,-1]
  normalPerVertex TRUE
  normal DEF NORM_93 Normal { vector [
  -0.99144486 0 -0.13052619,-0.99144486 0 -0.13052619,
  -0.95364993 0 -0.30091828,-0.84327172 0 -0.5374875,
  -0.67542593 0 -0.73742784,-0.46155098 0 -0.88711369,
  -0.21622209 0 -0.9763442,-0.13052619 0 -0.99144486,
  -0.13052619 0 -0.99144486,-0.9763442 0 -0.21622209,
  -0.88711369 0 -0.46155098,-0.73742784 0 -0.67542593,
  -0.5374875 0 -0.84327172,-0.30091828 0 -0.95364993] }
}
}
DEF SHAPE_94 Shape {
 appearance USE APP_1
 geometry DEF FACE_94 IndexedFaceSet {
  coord DEF COORD_94 Coordinate { point [
  -2.3228346 -2.3720472 -0.76771654,-2.3228346 -2.253937 -0.76771654,
  -2.3228346 -2.253937 -0.6496063,-2.3228346 -2.3720472 -0.6496063] }
 coordIndex [
  0,1,2,-1,0,2,3,-1]
  normalPerVertex TRUE
  normal DEF NORM_94 Normal { vector [
  1 0 0,1 0 0,
  1 0 0,1 0 0] }
}
}
DEF SHAPE_95 Shape {
 appearance USE APP_1
 geometry DEF FACE_95 IndexedFaceSet {
  coord DEF COORD_95 Coordinate { point [
  -2.6771654 -2.3720472 -1.1220472,-2.6771654 -2.253937 -1.1220472,
  -2.5854578 -2.253937 -1.1099737,-2.5 -2.253937 -1.0745759,
  -2.4266157 -2.253937 -1.0182662,-2.370306 -2.253937 -0.94488189,
  -2.3349082 -2.253937 -0.85942407,-2.3228346 -2.253937 -0.76771654,
  -2.3228346 -2.3720472 -0.76771654,-2.5854578 -2.3720472 -1.1099737,
  -2.5 -2.3720472 -1.0745759,-2.4266157 -2.3720472 -1.0182662,
  -2.370306 -2.3720472 -0.94488189,-2.3349082 -2.3720472 -0.85942407] }
 coordIndex [
  6,7,8,-1,6,8,13,-1,5,13,12,-1,5,6,13,-1,4,12,11,-1,4,5,12,-1,3,11,10,-1,3,4,11,-1,
  2,10,9,-1,2,3,10,-1,1,9,0,-1,1,2,9,-1]
  normalPerVertex TRUE
  normal DEF NORM_95 Normal { vector [
  0.13052619 0 -0.99144486,0.13052619 0 -0.99144486,
  0.30091828 0 -0.95364993,0.5374875 0 -0.84327172,
  0.73742784 0 -0.67542593,0.88711369 0 -0.46155098,
  0.9763442 0 -0.21622209,0.99144486 0 -0.13052619,
  0.99144486 0 -0.13052619,0.21622209 0 -0.9763442,
  0.46155098 0 -0.88711369,0.67542593 0 -0.73742784,
  0.84327172 0 -0.5374875,0.95364993 0 -0.30091828] }
}
}
DEF SHAPE_96 Shape {
 appearance USE APP_1
 geometry DEF FACE_96 IndexedFaceSet {
  coord DEF COORD_96 Coordinate { point [
  -2.6771654 -2.3720472 -1.1220472,-2.6771654 -2.253937 -1.1220472,
  -2.7559055 -2.3720472 -1.1220472,-2.7559055 -2.253937 -1.1220472] }
 coordIndex [
  0,2,3,-1,0,3,1,-1]
  normalPerVertex TRUE
  normal DEF NORM_96 Normal { vector [
  0 0 -1,0 0 -1,
  0 0 -1,0 0 -1] }
}
}
DEF SHAPE_97 Shape {
 appearance USE APP_1
 geometry DEF FACE_97 IndexedFaceSet {
  coord DEF COORD_97 Coordinate { point [
  -2.3228346 2.3720472 -0.6496063,-2.3228346 2.3720472 -0.76771654,
  -2.3228346 2.253937 -0.6496063,-2.3228346 2.253937 -0.76771654] }
 coordIndex [
  3,1,0,-1,3,0,2,-1]
  normalPerVertex TRUE
  normal DEF NORM_97 Normal { vector [
  1 0 0,1 0 0,
  1 0 0,1 0 0] }
}
}
DEF SHAPE_98 Shape {
 appearance USE APP_1
 geometry DEF FACE_98 IndexedFaceSet {
  coord DEF COORD_98 Coordinate { point [
  -2.7559055 2.3720472 -1.1220472,-2.6771654 2.3720472 -1.1220472,
  -2.6771654 2.253937 -1.1220472,-2.7559055 2.253937 -1.1220472] }
 coordIndex [
  0,1,2,-1,0,2,3,-1]
  normalPerVertex TRUE
  normal DEF NORM_98 Normal { vector [
  0 0 -1,0 0 -1,
  0 0 -1,0 0 -1] }
}
}
DEF SHAPE_99 Shape {
 appearance USE APP_1
 geometry DEF FACE_99 IndexedFaceSet {
  coord DEF COORD_99 Coordinate { point [
  -2.6771654 2.3720472 -1.1220472,-2.5854578 2.3720472 -1.1099737,
  -2.5 2.3720472 -1.0745759,-2.4266157 2.3720472 -1.0182662,
  -2.370306 2.3720472 -0.94488189,-2.3349082 2.3720472 -0.85942407,
  -2.3228346 2.3720472 -0.76771654,-2.3228346 2.253937 -0.76771654,
  -2.6771654 2.253937 -1.1220472,-2.5854578 2.253937 -1.1099737,
  -2.5 2.253937 -1.0745759,-2.4266157 2.253937 -1.0182662,
  -2.370306 2.253937 -0.94488189,-2.3349082 2.253937 -0.85942407] }
 coordIndex [
  9,0,1,-1,9,8,0,-1,10,1,2,-1,10,9,1,-1,11,2,3,-1,11,10,2,-1,12,3,4,-1,12,11,3,-1,
  13,4,5,-1,13,12,4,-1,7,5,6,-1,7,13,5,-1]
  normalPerVertex TRUE
  normal DEF NORM_99 Normal { vector [
  0.13052619 0 -0.99144486,0.30091828 0 -0.95364993,
  0.5374875 0 -0.84327172,0.73742784 0 -0.67542593,
  0.88711369 0 -0.46155098,0.9763442 0 -0.21622209,
  0.99144486 0 -0.13052619,0.99144486 0 -0.13052619,
  0.13052619 0 -0.99144486,0.21622209 0 -0.9763442,
  0.46155098 0 -0.88711369,0.67542593 0 -0.73742784,
  0.84327172 0 -0.5374875,0.95364993 0 -0.30091828] }
}
}
] }
DEF TXFM_4 Transform {
  center 0 0 0
  rotation 0 0 1 0
  scale 1 1 1
  scaleOrientation 0 0 1 0
  translation 0 0 0
 children [
DEF SHAPE_100 Shape {
 appearance DEF APP_2 Appearance {
  material Material {
   ambientIntensity 0.11283861
   diffuseColor 0.89499998 0.89099997 0.81300002
   emissiveColor 0 0 0
   shininess 0.1
   specularColor 0.12 0.12 0.12
   transparency 0
} }
 geometry DEF FACE_100 IndexedFaceSet {
  coord DEF COORD_100 Coordinate { point [
  0.88582677 -2.1200787 1.1614173,0.88582677 2.1200787 1.1614173,
  0.88582677 2.149865 1.1580612,0.88582677 2.1781577 1.1481612,
  0.88582677 2.203538 1.1322137,0.88582677 2.2247333 1.1110183,
  0.88582677 2.2406809 1.085638,0.88582677 2.2505809 1.0573453,
  0.88582677 2.253937 1.0275591,0.88582677 2.253937 0.39370079,
  0.88582677 1.5748031 0.39370079,0.88582677 1.1811024 0.39370079,
  0.88582677 0.59055118 0.39370079,0.88582677 0.19685039 0.39370079,
  0.88582677 -0.19685039 0.39370079,0.88582677 -0.59055118 0.39370079,
  0.88582677 -1.1811024 0.39370079,0.88582677 -1.5748031 0.39370079,
  0.88582677 -2.253937 0.39370079,0.88582677 -2.253937 1.0275591,
  0.88582677 -2.1547238 1.1568562,0.88582677 -2.1870079 1.1434837,
  0.88582677 -2.2147308 1.1222111,0.88582677 -2.2360034 1.0944882,
  0.88582677 -2.2493759 1.0622041] }
 coordIndex [
  6,4,3,-1,6,5,4,-1,1,3,2,-1,1,6,3,-1,8,7,6,-1,8,6,1,-1,10,9,8,-1,10,8,1,-1,
  11,10,1,-1,12,11,1,-1,13,12,1,-1,0,14,13,-1,0,15,14,-1,0,16,15,-1,0,13,1,-1,21,0,20,-1,
  23,21,22,-1,17,16,0,-1,24,21,23,-1,19,0,21,-1,19,17,0,-1,19,21,24,-1,18,17,19,-1]
  normalPerVertex TRUE
  normal DEF NORM_100 Normal { vector [
  1 0 0,1 0 0,
  1 0 0,1 0 0,
  1 0 0,1 0 0,
  1 0 0,1 0 0,
  1 0 0,1 0 0,
  1 0 0,1 0 0,
  1 0 0,1 0 0,
  1 0 0,1 0 0,
  1 0 0,1 0 0,
  1 0 0,1 0 0,
  1 0 0,1 0 0,
  1 0 0,1 0 0,
  1 0 0] }
}
}
DEF SHAPE_101 Shape {
 appearance USE APP_2
 geometry DEF FACE_101 IndexedFaceSet {
  coord DEF COORD_101 Coordinate { point [
  0.88582677 -2.1200787 1.1614173,0.88582677 2.1200787 1.1614173,
  -3.1102362 2.1200787 1.1614173,-3.1102362 -2.1200787 1.1614173] }
 coordIndex [
  0,1,2,-1,3,0,2,-1]
  normalPerVertex TRUE
  normal DEF NORM_101 Normal { vector [
  0 0 1,0 0 1,
  0 0 1,0 0 1] }
}
}
DEF SHAPE_102 Shape {
 appearance USE APP_2
 geometry DEF FACE_102 IndexedFaceSet {
  coord DEF COORD_102 Coordinate { point [
  0.88582677 -2.1200787 1.1614173,-3.1102362 -2.1200787 1.1614173,
  -3.1102362 -2.1547238 1.1568562,-3.1102362 -2.1870079 1.1434837,
  -3.1102362 -2.2147308 1.1222111,-3.1102362 -2.2360034 1.0944882,
  -3.1102362 -2.2493759 1.0622041,-3.1102362 -2.253937 1.0275591,
  0.88582677 -2.253937 1.0275591,0.88582677 -2.1547238 1.1568562,
  0.88582677 -2.1870079 1.1434837,0.88582677 -2.2147308 1.1222111,
  0.88582677 -2.2360034 1.0944882,0.88582677 -2.2493759 1.0622041] }
 coordIndex [
  6,7,8,-1,6,8,13,-1,5,12,11,-1,5,13,12,-1,5,6,13,-1,4,5,11,-1,3,11,10,-1,3,4,11,-1,
  2,9,0,-1,2,10,9,-1,2,3,10,-1,1,2,0,-1]
  normalPerVertex TRUE
  normal DEF NORM_102 Normal { vector [
  0 -0.13052619 0.99144486,0 -0.13052619 0.99144486,
  0 -0.25881905 0.96592583,0 -0.5374875 0.84327172,
  0 -0.70710678 0.70710678,0 -0.8660254 0.5,
  0 -0.9763442 0.21622209,0 -0.99144486 0.13052619,
  0 -0.99144486 0.13052619,0 -0.25881905 0.96592583,
  0 -0.46155098 0.88711369,0 -0.70710678 0.70710678,
  0 -0.8660254 0.5,0 -0.95364993 0.30091828] }
}
}
DEF SHAPE_103 Shape {
 appearance USE APP_2
 geometry DEF FACE_103 IndexedFaceSet {
  coord DEF COORD_103 Coordinate { point [
  0.88582677 2.1200787 1.1614173,0.88582677 2.149865 1.1580612,
  0.88582677 2.1781577 1.1481612,0.88582677 2.203538 1.1322137,
  0.88582677 2.2247333 1.1110183,0.88582677 2.2406809 1.085638,
  0.88582677 2.2505809 1.0573453,0.88582677 2.253937 1.0275591,
  -3.1102362 2.253937 1.0275591,-3.1102362 2.1200787 1.1614173,
  -3.1102362 2.149865 1.1580612,-3.1102362 2.1781577 1.1481612,
  -3.1102362 2.203538 1.1322137,-3.1102362 2.2247333 1.1110183,
  -3.1102362 2.2406809 1.085638,-3.1102362 2.2505809 1.0573453] }
 coordIndex [
  9,0,1,-1,10,9,1,-1,11,1,2,-1,11,2,3,-1,11,10,1,-1,12,11,3,-1,13,3,4,-1,13,12,3,-1,
  14,4,5,-1,14,5,6,-1,14,13,4,-1,15,6,7,-1,15,14,6,-1,8,15,7,-1]
  normalPerVertex TRUE
  normal DEF NORM_103 Normal { vector [
  0 0.11196448 0.99371221,0 0.22252093 0.97492791,
  0 0.43388374 0.90096887,0 0.6234898 0.78183148,
  0 0.80468096 0.59370746,0 0.90096887 0.43388374,
  0 0.96588956 0.25895436,0 0.99371221 0.11196448,
  0 0.99371221 0.11196448,0 0.11196448 0.99371221,
  0 0.22252093 0.97492791,0 0.43388374 0.90096887,
  0 0.6234898 0.78183148,0 0.75788034 0.65239359,
  0 0.90096887 0.43388374,0 0.98259251 0.18577396] }
}
}
DEF SHAPE_104 Shape {
 appearance USE APP_2
 geometry DEF FACE_104 IndexedFaceSet {
  coord DEF COORD_104 Coordinate { point [
  0.88582677 -2.253937 1.0275591,0.88582677 -2.253937 0.39370079,
  4.0867657 -2.253937 0.39370079,4.2913386 -2.253937 0.27559055,
  4.2913386 -2.253937 -0.24015748,-1.496063 -2.253937 -0.24015748,
  -1.496063 -2.253937 0.019685039,-3.1102362 -2.253937 0.019685039,
  -3.1102362 -2.253937 1.0275591] }
 coordIndex [
  6,8,7,-1,1,6,5,-1,0,6,1,-1,0,8,6,-1,2,1,4,-1,3,2,4,-1,4,1,5,-1]
  normalPerVertex TRUE
  normal DEF NORM_104 Normal { vector [
  0 -1 0,0 -1 0,
  0 -1 0,0 -1 0,
  0 -1 0,0 -1 0,
  0 -1 0,0 -1 0,
  0 -1 0] }
}
}
DEF SHAPE_105 Shape {
 appearance USE APP_2
 geometry DEF FACE_105 IndexedFaceSet {
  coord DEF COORD_105 Coordinate { point [
  0.88582677 2.253937 1.0275591,0.88582677 2.253937 0.39370079,
  4.0867657 2.253937 0.39370079,4.2913386 2.253937 0.27559055,
  4.2913386 2.253937 -0.24015748,-1.496063 2.253937 -0.24015748,
  -1.496063 2.253937 0.019685039,-3.1102362 2.253937 0.019685039,
  -3.1102362 2.253937 1.0275591] }
 coordIndex [
  6,7,8,-1,1,5,6,-1,0,1,6,-1,0,6,8,-1,2,4,1,-1,3,4,2,-1,4,5,1,-1]
  normalPerVertex TRUE
  normal DEF NORM_105 Normal { vector [
  0 1 0,0 1 0,
  0 1 0,0 1 0,
  0 1 0,0 1 0,
  0 1 0,0 1 0,
  0 1 0] }
}
}
DEF SHAPE_106 Shape {
 appearance USE APP_2
 geometry DEF FACE_106 IndexedFaceSet {
  coord DEF COORD_106 Coordinate { point [
  4.0867657 -2.253937 0.39370079,0.88582677 -2.253937 0.39370079,
  4.0867657 2.253937 0.39370079,0.88582677 2.253937 0.39370079,
  0.88582677 1.5748031 0.39370079,3.8031496 1.5748031 0.39370079,
  3.8031496 1.1811024 0.39370079,0.88582677 1.1811024 0.39370079,
  0.88582677 0.59055118 0.39370079,3.4094488 0.59055118 0.39370079,
  3.4094488 0.19685039 0.39370079,0.88582677 0.19685039 0.39370079,
  0.88582677 -0.19685039 0.39370079,3.4094488 -0.19685039 0.39370079,
  3.4094488 -0.59055118 0.39370079,0.88582677 -0.59055118 0.39370079,
  0.88582677 -1.1811024 0.39370079,3.8031496 -1.1811024 0.39370079,
  3.8031496 -1.5748031 0.39370079,0.88582677 -1.5748031 0.39370079] }
 coordIndex [
  6,2,5,-1,10,6,9,-1,13,6,10,-1,3,5,2,-1,17,13,14,-1,17,6,13,-1,4,5,3,-1,0,17,18,-1,
  8,9,7,-1,12,10,11,-1,12,13,10,-1,16,14,15,-1,1,18,19,-1,1,0,18,-1,0,2,17,-1,17,2,6,-1,
  6,7,9,-1,16,17,14,-1]
  normalPerVertex TRUE
  normal DEF NORM_106 Normal { vector [
  0 0 1,0 0 1,
  0 0 1,0 0 1,
  0 0 1,0 0 1,
  0 0 1,0 0 1,
  0 0 1,0 0 1,
  0 0 1,0 0 1,
  0 0 1,0 0 1,
  0 0 1,0 0 1,
  0 0 1,0 0 1,
  0 0 1,0 0 1] }
}
}
DEF SHAPE_107 Shape {
 appearance USE APP_2
 geometry DEF FACE_107 IndexedFaceSet {
  coord DEF COORD_107 Coordinate { point [
  0.88582677 -1.1811024 0.39370079,0.88582677 -1.5748031 0.39370079,
  0.88582677 -1.5748031 0.24409449,0.88582677 -1.1811024 0.24409449] }
 coordIndex [
  0,1,2,-1,0,2,3,-1]
  normalPerVertex TRUE
  normal DEF NORM_107 Normal { vector [
  1 0 0,1 0 0,
  1 0 0,1 0 0] }
}
}
DEF SHAPE_108 Shape {
 appearance USE APP_2
 geometry DEF FACE_108 IndexedFaceSet {
  coord DEF COORD_108 Coordinate { point [
  0.88582677 1.1811024 0.39370079,0.88582677 1.1811024 0.24409449,
  0.88582677 1.5748031 0.24409449,0.88582677 1.5748031 0.39370079] }
 coordIndex [
  3,0,1,-1,3,1,2,-1]
  normalPerVertex TRUE
  normal DEF NORM_108 Normal { vector [
  1 0 0,1 0 0,
  1 0 0,1 0 0] }
}
}
DEF SHAPE_109 Shape {
 appearance USE APP_2
 geometry DEF FACE_109 IndexedFaceSet {
  coord DEF COORD_109 Coordinate { point [
  0.88582677 -0.19685039 0.39370079,0.88582677 -0.59055118 0.39370079,
  0.88582677 -0.59055118 0.24409449,0.88582677 -0.19685039 0.24409449] }
 coordIndex [
  0,1,2,-1,0,2,3,-1]
  normalPerVertex TRUE
  normal DEF NORM_109 Normal { vector [
  1 0 0,1 0 0,
  1 0 0,1 0 0] }
}
}
DEF SHAPE_110 Shape {
 appearance USE APP_2
 geometry DEF FACE_110 IndexedFaceSet {
  coord DEF COORD_110 Coordinate { point [
  0.88582677 0.19685039 0.39370079,0.88582677 0.19685039 0.24409449,
  0.88582677 0.59055118 0.24409449,0.88582677 0.59055118 0.39370079] }
 coordIndex [
  3,0,1,-1,3,1,2,-1]
  normalPerVertex TRUE
  normal DEF NORM_110 Normal { vector [
  1 0 0,1 0 0,
  1 0 0,1 0 0] }
}
}
DEF SHAPE_111 Shape {
 appearance USE APP_2
 geometry DEF FACE_111 IndexedFaceSet {
  coord DEF COORD_111 Coordinate { point [
  -3.1102362 -2.1200787 1.1614173,-3.1102362 2.1200787 1.1614173,
  -3.1102362 -2.1547238 1.1568562,-3.1102362 -2.1870079 1.1434837,
  -3.1102362 -2.2147308 1.1222111,-3.1102362 -2.2360034 1.0944882,
  -3.1102362 -2.2493759 1.0622041,-3.1102362 -2.253937 1.0275591,
  -3.1102362 -2.253937 0.019685039,-3.1102362 2.253937 0.019685039,
  -3.1102362 2.253937 1.0275591,-3.1102362 2.149865 1.1580612,
  -3.1102362 2.1781577 1.1481612,-3.1102362 2.203538 1.1322137,
  -3.1102362 2.2247333 1.1110183,-3.1102362 2.2406809 1.085638,
  -3.1102362 2.2505809 1.0573453] }
 coordIndex [
  14,15,16,-1,14,16,10,-1,12,13,14,-1,12,14,10,-1,1,10,9,-1,1,11,12,-1,1,12,10,-1,8,1,9,-1,
  0,1,8,-1,7,0,8,-1,4,2,0,-1,4,3,2,-1,4,6,5,-1,4,7,6,-1,4,0,7,-1]
  normalPerVertex TRUE
  normal DEF NORM_111 Normal { vector [
  -1 0 0,-1 0 0,
  -1 0 0,-1 0 0,
  -1 0 0,-1 0 0,
  -1 0 0,-1 0 0,
  -1 0 0,-1 0 0,
  -1 0 0,-1 0 0,
  -1 0 0,-1 0 0,
  -1 0 0,-1 0 0,
  -1 0 0] }
}
}
DEF SHAPE_112 Shape {
 appearance USE APP_2
 geometry DEF FACE_112 IndexedFaceSet {
  coord DEF COORD_112 Coordinate { point [
  4.2913386 -2.253937 0.27559055,4.2913386 2.253937 0.27559055,
  4.0867657 2.253937 0.39370079,4.0867657 -2.253937 0.39370079] }
 coordIndex [
  3,0,1,-1,3,1,2,-1]
  normalPerVertex TRUE
  normal DEF NORM_112 Normal { vector [
  0.5 0 0.8660254,0.5 0 0.8660254,
  0.5 0 0.8660254,0.5 0 0.8660254] }
}
}
DEF SHAPE_113 Shape {
 appearance USE APP_2
 geometry DEF FACE_113 IndexedFaceSet {
  coord DEF COORD_113 Coordinate { point [
  -1.496063 -2.253937 0.019685039,-1.496063 2.253937 0.019685039,
  -3.1102362 2.253937 0.019685039,-3.1102362 -2.253937 0.019685039] }
 coordIndex [
  0,2,1,-1,3,2,0,-1]
  normalPerVertex TRUE
  normal DEF NORM_113 Normal { vector [
  0 0 -1,0 0 -1,
  0 0 -1,0 0 -1] }
}
}
DEF SHAPE_114 Shape {
 appearance USE APP_2
 geometry DEF FACE_114 IndexedFaceSet {
  coord DEF COORD_114 Coordinate { point [
  4.2913386 -2.1200787 -0.37401575,4.2913386 2.1200787 -0.37401575,
  4.2913386 2.253937 -0.24015748,4.2913386 2.2493759 -0.27480255,
  4.2913386 2.2360034 -0.30708661,4.2913386 2.2147308 -0.33480957,
  4.2913386 2.1870079 -0.35608214,4.2913386 2.1547238 -0.36945464,
  4.2913386 2.253937 0.27559055,4.2913386 -2.253937 0.27559055,
  4.2913386 -2.253937 -0.24015748,4.2913386 -2.2493759 -0.27480255,
  4.2913386 -2.2360034 -0.30708661,4.2913386 -2.2147308 -0.33480957,
  4.2913386 -2.1870079 -0.35608214,4.2913386 -2.1547238 -0.36945464] }
 coordIndex [
  2,4,3,-1,2,5,4,-1,2,6,5,-1,1,7,6,-1,1,6,2,-1,8,1,2,-1,14,15,0,-1,12,13,14,-1,
  10,11,12,-1,10,14,0,-1,10,12,14,-1,9,0,1,-1,9,1,8,-1,9,10,0,-1]
  normalPerVertex TRUE
  normal DEF NORM_114 Normal { vector [
  1 0 0,1 0 0,
  1 0 0,1 0 0,
  1 0 0,1 0 0,
  1 0 0,1 0 0,
  1 0 0,1 0 0,
  1 0 0,1 0 0,
  1 0 0,1 0 0,
  1 0 0,1 0 0] }
}
}
DEF SHAPE_115 Shape {
 appearance USE APP_2
 geometry DEF FACE_115 IndexedFaceSet {
  coord DEF COORD_115 Coordinate { point [
  -1.496063 -2.1200787 -0.37401575,-1.496063 2.1200787 -0.37401575,
  -1.496063 -2.253937 -0.24015748,-1.496063 -2.2493759 -0.27480255,
  -1.496063 -2.2360034 -0.30708661,-1.496063 -2.2147308 -0.33480957,
  -1.496063 -2.1870079 -0.35608214,-1.496063 -2.1547238 -0.36945464,
  -1.496063 -2.253937 0.019685039,-1.496063 2.253937 0.019685039,
  -1.496063 2.253937 -0.24015748,-1.496063 2.2493759 -0.27480255,
  -1.496063 2.2360034 -0.30708661,-1.496063 2.2147308 -0.33480957,
  -1.496063 2.1870079 -0.35608214,-1.496063 2.1547238 -0.36945464] }
 coordIndex [
  14,11,12,-1,14,12,13,-1,15,11,14,-1,1,9,10,-1,1,10,11,-1,1,11,15,-1,8,9,1,-1,0,2,8,-1,
  0,8,1,-1,6,3,2,-1,6,0,7,-1,6,2,0,-1,5,4,3,-1,5,3,6,-1]
  normalPerVertex TRUE
  normal DEF NORM_115 Normal { vector [
  -1 0 0,-1 0 0,
  -1 0 0,-1 0 0,
  -1 0 0,-1 0 0,
  -1 0 0,-1 0 0,
  -1 0 0,-1 0 0,
  -1 0 0,-1 0 0,
  -1 0 0,-1 0 0,
  -1 0 0,-1 0 0] }
}
}
DEF SHAPE_116 Shape {
 appearance USE APP_2
 geometry DEF FACE_116 IndexedFaceSet {
  coord DEF COORD_116 Coordinate { point [
  -1.496063 -2.253937 -0.24015748,-1.496063 -2.2493759 -0.27480255,
  -1.496063 -2.2360034 -0.30708661,-1.496063 -2.2147308 -0.33480957,
  -1.496063 -2.1870079 -0.35608214,-1.496063 -2.1547238 -0.36945464,
  -1.496063 -2.1200787 -0.37401575,4.2913386 -2.1200787 -0.37401575,
  4.2913386 -2.253937 -0.24015748,4.2913386 -2.2493759 -0.27480255,
  4.2913386 -2.2360034 -0.30708661,4.2913386 -2.2147308 -0.33480957,
  4.2913386 -2.1870079 -0.35608214,4.2913386 -2.1547238 -0.36945464] }
 coordIndex [
  8,0,1,-1,9,1,2,-1,9,8,1,-1,10,2,3,-1,10,9,2,-1,11,10,3,-1,12,3,4,-1,12,11,3,-1,
  13,4,5,-1,13,12,4,-1,7,5,6,-1,7,13,5,-1]
  normalPerVertex TRUE
  normal DEF NORM_116 Normal { vector [
  0 -0.99144486 -0.13052619,0 -0.9763442 -0.21622209,
  0 -0.88711369 -0.46155098,0 -0.70710678 -0.70710678,
  0 -0.46155098 -0.88711369,0 -0.21622209 -0.9763442,
  0 -0.13052619 -0.99144486,0 -0.13052619 -0.99144486,
  0 -0.99144486 -0.13052619,0 -0.95364993 -0.30091828,
  0 -0.84327172 -0.5374875,0 -0.70710678 -0.70710678,
  0 -0.5374875 -0.84327172,0 -0.30091828 -0.95364993] }
}
}
DEF SHAPE_117 Shape {
 appearance USE APP_2
 geometry DEF FACE_117 IndexedFaceSet {
  coord DEF COORD_117 Coordinate { point [
  -1.496063 2.253937 -0.24015748,4.2913386 2.253937 -0.24015748,
  4.2913386 2.2493759 -0.27480255,4.2913386 2.2360034 -0.30708661,
  4.2913386 2.2147308 -0.33480957,4.2913386 2.1870079 -0.35608214,
  4.2913386 2.1547238 -0.36945464,4.2913386 2.1200787 -0.37401575,
  -1.496063 2.1200787 -0.37401575,-1.496063 2.2493759 -0.27480255,
  -1.496063 2.2360034 -0.30708661,-1.496063 2.2147308 -0.33480957,
  -1.496063 2.1870079 -0.35608214,-1.496063 2.1547238 -0.36945464] }
 coordIndex [
  7,8,13,-1,6,7,13,-1,5,13,12,-1,5,6,13,-1,4,11,10,-1,4,12,11,-1,4,5,12,-1,3,4,10,-1,
  2,9,0,-1,2,10,9,-1,2,3,10,-1,1,2,0,-1]
  normalPerVertex TRUE
  normal DEF NORM_117 Normal { vector [
  0 0.99144486 -0.13052619,0 0.99144486 -0.13052619,
  0 0.96592583 -0.25881905,0 0.8660254 -0.5,
  0 0.70710678 -0.70710678,0 0.46155098 -0.88711369,
  0 0.25881905 -0.96592583,0 0.13052619 -0.99144486,
  0 0.13052619 -0.99144486,0 0.96592583 -0.25881905,
  0 0.8660254 -0.5,0 0.70710678 -0.70710678,
  0 0.5374875 -0.84327172,0 0.25881905 -0.96592583] }
}
}
DEF SHAPE_118 Shape {
 appearance USE APP_2
 geometry DEF FACE_118 IndexedFaceSet {
  coord DEF COORD_118 Coordinate { point [
  0.88582677 -1.5748031 0.39370079,3.8031496 -1.5748031 0.39370079,
  3.8031496 -1.5748031 0.24409449,0.88582677 -1.5748031 0.24409449] }
 coordIndex [
  0,1,2,-1,0,2,3,-1]
  normalPerVertex TRUE
  normal DEF NORM_118 Normal { vector [
  0 1 0,0 1 0,
  0 1 0,0 1 0] }
}
}
DEF SHAPE_119 Shape {
 appearance USE APP_2
 geometry DEF FACE_119 IndexedFaceSet {
  coord DEF COORD_119 Coordinate { point [
  3.8031496 -1.5748031 0.39370079,3.8031496 -1.1811024 0.39370079,
  3.8031496 -1.1811024 0.24409449,3.8031496 -1.5748031 0.24409449] }
 coordIndex [
  0,1,2,-1,0,2,3,-1]
  normalPerVertex TRUE
  normal DEF NORM_119 Normal { vector [
  -1 0 0,-1 0 0,
  -1 0 0,-1 0 0] }
}
}
DEF SHAPE_120 Shape {
 appearance USE APP_2
 geometry DEF FACE_120 IndexedFaceSet {
  coord DEF COORD_120 Coordinate { point [
  3.8031496 -1.1811024 0.39370079,0.88582677 -1.1811024 0.39370079,
  0.88582677 -1.1811024 0.24409449,3.8031496 -1.1811024 0.24409449] }
 coordIndex [
  0,1,2,-1,0,2,3,-1]
  normalPerVertex TRUE
  normal DEF NORM_120 Normal { vector [
  0 -1 0,0 -1 0,
  0 -1 0,0 -1 0] }
}
}
DEF SHAPE_121 Shape {
 appearance USE APP_2
 geometry DEF FACE_121 IndexedFaceSet {
  coord DEF COORD_121 Coordinate { point [
  0.88582677 -0.59055118 0.39370079,3.4094488 -0.59055118 0.39370079,
  3.4094488 -0.59055118 0.24409449,0.88582677 -0.59055118 0.24409449] }
 coordIndex [
  0,1,2,-1,0,2,3,-1]
  normalPerVertex TRUE
  normal DEF NORM_121 Normal { vector [
  0 1 0,0 1 0,
  0 1 0,0 1 0] }
}
}
DEF SHAPE_122 Shape {
 appearance USE APP_2
 geometry DEF FACE_122 IndexedFaceSet {
  coord DEF COORD_122 Coordinate { point [
  3.4094488 -0.59055118 0.39370079,3.4094488 -0.19685039 0.39370079,
  3.4094488 -0.19685039 0.24409449,3.4094488 -0.59055118 0.24409449] }
 coordIndex [
  0,1,2,-1,0,2,3,-1]
  normalPerVertex TRUE
  normal DEF NORM_122 Normal { vector [
  -1 0 0,-1 0 0,
  -1 0 0,-1 0 0] }
}
}
DEF SHAPE_123 Shape {
 appearance USE APP_2
 geometry DEF FACE_123 IndexedFaceSet {
  coord DEF COORD_123 Coordinate { point [
  3.4094488 -0.19685039 0.39370079,0.88582677 -0.19685039 0.39370079,
  0.88582677 -0.19685039 0.24409449,3.4094488 -0.19685039 0.24409449] }
 coordIndex [
  0,1,2,-1,0,2,3,-1]
  normalPerVertex TRUE
  normal DEF NORM_123 Normal { vector [
  0 -1 0,0 -1 0,
  0 -1 0,0 -1 0] }
}
}
DEF SHAPE_124 Shape {
 appearance USE APP_2
 geometry DEF FACE_124 IndexedFaceSet {
  coord DEF COORD_124 Coordinate { point [
  3.4094488 0.19685039 0.39370079,3.4094488 0.19685039 0.24409449,
  0.88582677 0.19685039 0.24409449,0.88582677 0.19685039 0.39370079] }
 coordIndex [
  3,0,1,-1,3,1,2,-1]
  normalPerVertex TRUE
  normal DEF NORM_124 Normal { vector [
  0 1 0,0 1 0,
  0 1 0,0 1 0] }
}
}
DEF SHAPE_125 Shape {
 appearance USE APP_2
 geometry DEF FACE_125 IndexedFaceSet {
  coord DEF COORD_125 Coordinate { point [
  3.4094488 0.59055118 0.39370079,3.4094488 0.59055118 0.24409449,
  3.4094488 0.19685039 0.24409449,3.4094488 0.19685039 0.39370079] }
 coordIndex [
  3,0,1,-1,3,1,2,-1]
  normalPerVertex TRUE
  normal DEF NORM_125 Normal { vector [
  -1 0 0,-1 0 0,
  -1 0 0,-1 0 0] }
}
}
DEF SHAPE_126 Shape {
 appearance USE APP_2
 geometry DEF FACE_126 IndexedFaceSet {
  coord DEF COORD_126 Coordinate { point [
  0.88582677 0.59055118 0.39370079,0.88582677 0.59055118 0.24409449,
  3.4094488 0.59055118 0.24409449,3.4094488 0.59055118 0.39370079] }
 coordIndex [
  3,0,1,-1,3,1,2,-1]
  normalPerVertex TRUE
  normal DEF NORM_126 Normal { vector [
  0 -1 0,0 -1 0,
  0 -1 0,0 -1 0] }
}
}
DEF SHAPE_127 Shape {
 appearance USE APP_2
 geometry DEF FACE_127 IndexedFaceSet {
  coord DEF COORD_127 Coordinate { point [
  3.8031496 1.1811024 0.39370079,3.8031496 1.1811024 0.24409449,
  0.88582677 1.1811024 0.24409449,0.88582677 1.1811024 0.39370079] }
 coordIndex [
  3,0,1,-1,3,1,2,-1]
  normalPerVertex TRUE
  normal DEF NORM_127 Normal { vector [
  0 1 0,0 1 0,
  0 1 0,0 1 0] }
}
}
DEF SHAPE_128 Shape {
 appearance USE APP_2
 geometry DEF FACE_128 IndexedFaceSet {
  coord DEF COORD_128 Coordinate { point [
  3.8031496 1.5748031 0.39370079,3.8031496 1.5748031 0.24409449,
  3.8031496 1.1811024 0.24409449,3.8031496 1.1811024 0.39370079] }
 coordIndex [
  3,0,1,-1,3,1,2,-1]
  normalPerVertex TRUE
  normal DEF NORM_128 Normal { vector [
  -1 0 0,-1 0 0,
  -1 0 0,-1 0 0] }
}
}
DEF SHAPE_129 Shape {
 appearance USE APP_2
 geometry DEF FACE_129 IndexedFaceSet {
  coord DEF COORD_129 Coordinate { point [
  0.88582677 1.5748031 0.39370079,0.88582677 1.5748031 0.24409449,
  3.8031496 1.5748031 0.24409449,3.8031496 1.5748031 0.39370079] }
 coordIndex [
  3,0,1,-1,3,1,2,-1]
  normalPerVertex TRUE
  normal DEF NORM_129 Normal { vector [
  0 -1 0,0 -1 0,
  0 -1 0,0 -1 0] }
}
}
DEF SHAPE_130 Shape {
 appearance USE APP_2
 geometry DEF FACE_130 IndexedFaceSet {
  coord DEF COORD_130 Coordinate { point [
  0.88582677 -1.1811024 0.24409449,0.88582677 -1.5748031 0.24409449,
  3.8031496 -1.5748031 0.24409449,3.8031496 -1.1811024 0.24409449] }
 coordIndex [
  3,0,1,-1,3,1,2,-1]
  normalPerVertex TRUE
  normal DEF NORM_130 Normal { vector [
  0 0 1,0 0 1,
  0 0 1,0 0 1] }
}
}
DEF SHAPE_131 Shape {
 appearance USE APP_2
 geometry DEF FACE_131 IndexedFaceSet {
  coord DEF COORD_131 Coordinate { point [
  3.8031496 1.1811024 0.24409449,0.88582677 1.1811024 0.24409449,
  3.8031496 1.5748031 0.24409449,0.88582677 1.5748031 0.24409449] }
 coordIndex [
  3,0,2,-1,1,0,3,-1]
  normalPerVertex TRUE
  normal DEF NORM_131 Normal { vector [
  0 0 1,0 0 1,
  0 0 1,0 0 1] }
}
}
DEF SHAPE_132 Shape {
 appearance USE APP_2
 geometry DEF FACE_132 IndexedFaceSet {
  coord DEF COORD_132 Coordinate { point [
  0.88582677 -0.19685039 0.24409449,0.88582677 -0.59055118 0.24409449,
  3.4094488 -0.59055118 0.24409449,3.4094488 -0.19685039 0.24409449] }
 coordIndex [
  3,0,1,-1,3,1,2,-1]
  normalPerVertex TRUE
  normal DEF NORM_132 Normal { vector [
  0 0 1,0 0 1,
  0 0 1,0 0 1] }
}
}
DEF SHAPE_133 Shape {
 appearance USE APP_2
 geometry DEF FACE_133 IndexedFaceSet {
  coord DEF COORD_133 Coordinate { point [
  3.4094488 0.19685039 0.24409449,0.88582677 0.19685039 0.24409449,
  3.4094488 0.59055118 0.24409449,0.88582677 0.59055118 0.24409449] }
 coordIndex [
  3,0,2,-1,1,0,3,-1]
  normalPerVertex TRUE
  normal DEF NORM_133 Normal { vector [
  0 0 1,0 0 1,
  0 0 1,0 0 1] }
}
}
DEF SHAPE_134 Shape {
 appearance USE APP_2
 geometry DEF FACE_134 IndexedFaceSet {
  coord DEF COORD_134 Coordinate { point [
  -1.496063 -2.1200787 -0.37401575,-1.496063 2.1200787 -0.37401575,
  4.2913386 2.1200787 -0.37401575,4.2913386 -2.1200787 -0.37401575] }
 coordIndex [
  3,0,1,-1,3,1,2,-1]
  normalPerVertex TRUE
  normal DEF NORM_134 Normal { vector [
  0 0 -1,0 0 -1,
  0 0 -1,0 0 -1] }
}
}
] }
DEF TXFM_5 Transform {
  center 0 0 0
  rotation 0 0 1 0
  scale 1 1 1
  scaleOrientation 0 0 1 0
  translation 0 0 0
 children [
DEF SHAPE_135 Shape {
 appearance DEF APP_3 Appearance {
  material Material {
   ambientIntensity 0.13400008
   diffuseColor 0.85900003 0.73799998 0.49599999
   emissiveColor 0 0 0
   shininess 0.1
   specularColor 0.12 0.12 0.12
   transparency 0
} }
 geometry DEF FACE_135 IndexedFaceSet {
  coord DEF COORD_135 Coordinate { point [
  3.4094488 -0.19685039 0.39370079,0.88582677 -0.19685039 0.39370079,
  0.88582677 -0.19685039 0.24409449,3.4094488 -0.19685039 0.24409449] }
 coordIndex [
  3,1,0,-1,3,2,1,-1]
  normalPerVertex TRUE
  normal DEF NORM_135 Normal { vector [
  0 1 0,0 1 0,
  0 1 0,0 1 0] }
}
}
DEF SHAPE_136 Shape {
 appearance USE APP_3
 geometry DEF FACE_136 IndexedFaceSet {
  coord DEF COORD_136 Coordinate { point [
  3.4094488 -0.59055118 0.39370079,0.88582677 -0.59055118 0.39370079,
  0.88582677 -0.59055118 0.24409449,3.4094488 -0.59055118 0.24409449] }
 coordIndex [
  3,0,1,-1,3,1,2,-1]
  normalPerVertex TRUE
  normal DEF NORM_136 Normal { vector [
  0 -1 0,0 -1 0,
  0 -1 0,0 -1 0] }
}
}
DEF SHAPE_137 Shape {
 appearance USE APP_3
 geometry DEF FACE_137 IndexedFaceSet {
  coord DEF COORD_137 Coordinate { point [
  3.4094488 -0.59055118 0.24409449,3.4094488 -0.59055118 0.39370079,
  3.4094488 -0.19685039 0.39370079,3.4094488 -0.19685039 0.24409449] }
 coordIndex [
  0,2,1,-1,0,3,2,-1]
  normalPerVertex TRUE
  normal DEF NORM_137 Normal { vector [
  1 0 0,1 0 0,
  1 0 0,1 0 0] }
}
}
DEF SHAPE_138 Shape {
 appearance USE APP_3
 geometry DEF FACE_138 IndexedFaceSet {
  coord DEF COORD_138 Coordinate { point [
  0.88582677 -0.59055118 0.24409449,0.88582677 -0.59055118 0.39370079,
  0.88582677 -0.19685039 0.39370079,0.88582677 -0.19685039 0.24409449] }
 coordIndex [
  0,1,2,-1,0,2,3,-1]
  normalPerVertex TRUE
  normal DEF NORM_138 Normal { vector [
  -1 0 0,-1 0 0,
  -1 0 0,-1 0 0] }
}
}
DEF SHAPE_139 Shape {
 appearance USE APP_3
 geometry DEF FACE_139 IndexedFaceSet {
  coord DEF COORD_139 Coordinate { point [
  0.88582677 -0.19685039 0.24409449,0.88582677 -0.59055118 0.24409449,
  3.4094488 -0.59055118 0.24409449,3.4094488 -0.19685039 0.24409449] }
 coordIndex [
  0,2,1,-1,0,3,2,-1]
  normalPerVertex TRUE
  normal DEF NORM_139 Normal { vector [
  0 0 -1,0 0 -1,
  0 0 -1,0 0 -1] }
}
}
DEF SHAPE_140 Shape {
 appearance USE APP_3
 geometry DEF FACE_140 IndexedFaceSet {
  coord DEF COORD_140 Coordinate { point [
  0.88582677 -0.19685039 0.39370079,0.88582677 -0.59055118 0.39370079,
  3.4094488 -0.59055118 0.39370079,3.4094488 -0.19685039 0.39370079] }
 coordIndex [
  0,1,2,-1,0,2,3,-1]
  normalPerVertex TRUE
  normal DEF NORM_140 Normal { vector [
  0 0 1,0 0 1,
  0 0 1,0 0 1] }
}
}
] }
DEF TXFM_6 Transform {
  center 0 0 0
  rotation 0 0 1 0
  scale 1 1 1
  scaleOrientation 0 0 1 0
  translation 0 0 0
 children [
DEF SHAPE_141 Shape {
 appearance USE APP_3
 geometry DEF FACE_141 IndexedFaceSet {
  coord DEF COORD_141 Coordinate { point [
  3.8031496 -1.1811024 0.39370079,0.88582677 -1.1811024 0.39370079,
  0.88582677 -1.1811024 0.24409449,3.8031496 -1.1811024 0.24409449] }
 coordIndex [
  3,1,0,-1,3,2,1,-1]
  normalPerVertex TRUE
  normal DEF NORM_141 Normal { vector [
  0 1 0,0 1 0,
  0 1 0,0 1 0] }
}
}
DEF SHAPE_142 Shape {
 appearance USE APP_3
 geometry DEF FACE_142 IndexedFaceSet {
  coord DEF COORD_142 Coordinate { point [
  3.8031496 -1.5748031 0.39370079,0.88582677 -1.5748031 0.39370079,
  0.88582677 -1.5748031 0.24409449,3.8031496 -1.5748031 0.24409449] }
 coordIndex [
  3,0,1,-1,3,1,2,-1]
  normalPerVertex TRUE
  normal DEF NORM_142 Normal { vector [
  0 -1 0,0 -1 0,
  0 -1 0,0 -1 0] }
}
}
DEF SHAPE_143 Shape {
 appearance USE APP_3
 geometry DEF FACE_143 IndexedFaceSet {
  coord DEF COORD_143 Coordinate { point [
  3.8031496 -1.5748031 0.24409449,3.8031496 -1.5748031 0.39370079,
  3.8031496 -1.1811024 0.39370079,3.8031496 -1.1811024 0.24409449] }
 coordIndex [
  0,2,1,-1,0,3,2,-1]
  normalPerVertex TRUE
  normal DEF NORM_143 Normal { vector [
  1 0 0,1 0 0,
  1 0 0,1 0 0] }
}
}
DEF SHAPE_144 Shape {
 appearance USE APP_3
 geometry DEF FACE_144 IndexedFaceSet {
  coord DEF COORD_144 Coordinate { point [
  0.88582677 -1.5748031 0.24409449,0.88582677 -1.5748031 0.39370079,
  0.88582677 -1.1811024 0.39370079,0.88582677 -1.1811024 0.24409449] }
 coordIndex [
  0,1,2,-1,0,2,3,-1]
  normalPerVertex TRUE
  normal DEF NORM_144 Normal { vector [
  -1 0 0,-1 0 0,
  -1 0 0,-1 0 0] }
}
}
DEF SHAPE_145 Shape {
 appearance USE APP_3
 geometry DEF FACE_145 IndexedFaceSet {
  coord DEF COORD_145 Coordinate { point [
  0.88582677 -1.1811024 0.24409449,0.88582677 -1.5748031 0.24409449,
  3.8031496 -1.5748031 0.24409449,3.8031496 -1.1811024 0.24409449] }
 coordIndex [
  0,2,1,-1,0,3,2,-1]
  normalPerVertex TRUE
  normal DEF NORM_145 Normal { vector [
  0 0 -1,0 0 -1,
  0 0 -1,0 0 -1] }
}
}
DEF SHAPE_146 Shape {
 appearance USE APP_3
 geometry DEF FACE_146 IndexedFaceSet {
  coord DEF COORD_146 Coordinate { point [
  0.88582677 -1.1811024 0.39370079,0.88582677 -1.5748031 0.39370079,
  3.8031496 -1.5748031 0.39370079,3.8031496 -1.1811024 0.39370079] }
 coordIndex [
  0,1,2,-1,0,2,3,-1]
  normalPerVertex TRUE
  normal DEF NORM_146 Normal { vector [
  0 0 1,0 0 1,
  0 0 1,0 0 1] }
}
}
] }
DEF TXFM_7 Transform {
  center 0 0 0
  rotation 0 0 1 0
  scale 1 1 1
  scaleOrientation 0 0 1 0
  translation 0 0 0
 children [
DEF SHAPE_147 Shape {
 appearance USE APP_3
 geometry DEF FACE_147 IndexedFaceSet {
  coord DEF COORD_147 Coordinate { point [
  3.4094488 0.19685039 0.24409449,3.4094488 0.19685039 0.39370079,
  0.88582677 0.19685039 0.24409449,0.88582677 0.19685039 0.39370079] }
 coordIndex [
  1,2,0,-1,1,3,2,-1]
  normalPerVertex TRUE
  normal DEF NORM_147 Normal { vector [
  0 -1 0,0 -1 0,
  0 -1 0,0 -1 0] }
}
}
DEF SHAPE_148 Shape {
 appearance USE APP_3
 geometry DEF FACE_148 IndexedFaceSet {
  coord DEF COORD_148 Coordinate { point [
  3.4094488 0.59055118 0.24409449,3.4094488 0.59055118 0.39370079,
  0.88582677 0.59055118 0.24409449,0.88582677 0.59055118 0.39370079] }
 coordIndex [
  1,0,2,-1,1,2,3,-1]
  normalPerVertex TRUE
  normal DEF NORM_148 Normal { vector [
  0 1 0,0 1 0,
  0 1 0,0 1 0] }
}
}
DEF SHAPE_149 Shape {
 appearance USE APP_3
 geometry DEF FACE_149 IndexedFaceSet {
  coord DEF COORD_149 Coordinate { point [
  3.4094488 0.19685039 0.24409449,3.4094488 0.59055118 0.24409449,
  3.4094488 0.19685039 0.39370079,3.4094488 0.59055118 0.39370079] }
 coordIndex [
  3,0,1,-1,3,2,0,-1]
  normalPerVertex TRUE
  normal DEF NORM_149 Normal { vector [
  1 0 0,1 0 0,
  1 0 0,1 0 0] }
}
}
DEF SHAPE_150 Shape {
 appearance USE APP_3
 geometry DEF FACE_150 IndexedFaceSet {
  coord DEF COORD_150 Coordinate { point [
  0.88582677 0.19685039 0.24409449,0.88582677 0.59055118 0.24409449,
  0.88582677 0.19685039 0.39370079,0.88582677 0.59055118 0.39370079] }
 coordIndex [
  3,1,0,-1,3,0,2,-1]
  normalPerVertex TRUE
  normal DEF NORM_150 Normal { vector [
  -1 0 0,-1 0 0,
  -1 0 0,-1 0 0] }
}
}
DEF SHAPE_151 Shape {
 appearance USE APP_3
 geometry DEF FACE_151 IndexedFaceSet {
  coord DEF COORD_151 Coordinate { point [
  3.4094488 0.19685039 0.24409449,0.88582677 0.19685039 0.24409449,
  3.4094488 0.59055118 0.24409449,0.88582677 0.59055118 0.24409449] }
 coordIndex [
  3,0,1,-1,3,2,0,-1]
  normalPerVertex TRUE
  normal DEF NORM_151 Normal { vector [
  0 0 -1,0 0 -1,
  0 0 -1,0 0 -1] }
}
}
DEF SHAPE_152 Shape {
 appearance USE APP_3
 geometry DEF FACE_152 IndexedFaceSet {
  coord DEF COORD_152 Coordinate { point [
  3.4094488 0.19685039 0.39370079,0.88582677 0.19685039 0.39370079,
  3.4094488 0.59055118 0.39370079,0.88582677 0.59055118 0.39370079] }
 coordIndex [
  3,1,0,-1,3,0,2,-1]
  normalPerVertex TRUE
  normal DEF NORM_152 Normal { vector [
  0 0 1,0 0 1,
  0 0 1,0 0 1] }
}
}
] }
DEF TXFM_8 Transform {
  center 0 0 0
  rotation 0 0 1 0
  scale 1 1 1
  scaleOrientation 0 0 1 0
  translation 0 0 0
 children [
DEF SHAPE_153 Shape {
 appearance USE APP_3
 geometry DEF FACE_153 IndexedFaceSet {
  coord DEF COORD_153 Coordinate { point [
  3.8031496 1.1811024 0.24409449,3.8031496 1.1811024 0.39370079,
  0.88582677 1.1811024 0.24409449,0.88582677 1.1811024 0.39370079] }
 coordIndex [
  1,2,0,-1,1,3,2,-1]
  normalPerVertex TRUE
  normal DEF NORM_153 Normal { vector [
  0 -1 0,0 -1 0,
  0 -1 0,0 -1 0] }
}
}
DEF SHAPE_154 Shape {
 appearance USE APP_3
 geometry DEF FACE_154 IndexedFaceSet {
  coord DEF COORD_154 Coordinate { point [
  3.8031496 1.5748031 0.24409449,3.8031496 1.5748031 0.39370079,
  0.88582677 1.5748031 0.24409449,0.88582677 1.5748031 0.39370079] }
 coordIndex [
  1,0,2,-1,1,2,3,-1]
  normalPerVertex TRUE
  normal DEF NORM_154 Normal { vector [
  0 1 0,0 1 0,
  0 1 0,0 1 0] }
}
}
DEF SHAPE_155 Shape {
 appearance USE APP_3
 geometry DEF FACE_155 IndexedFaceSet {
  coord DEF COORD_155 Coordinate { point [
  3.8031496 1.1811024 0.24409449,3.8031496 1.5748031 0.24409449,
  3.8031496 1.1811024 0.39370079,3.8031496 1.5748031 0.39370079] }
 coordIndex [
  3,0,1,-1,3,2,0,-1]
  normalPerVertex TRUE
  normal DEF NORM_155 Normal { vector [
  1 0 0,1 0 0,
  1 0 0,1 0 0] }
}
}
DEF SHAPE_156 Shape {
 appearance USE APP_3
 geometry DEF FACE_156 IndexedFaceSet {
  coord DEF COORD_156 Coordinate { point [
  0.88582677 1.1811024 0.24409449,0.88582677 1.5748031 0.24409449,
  0.88582677 1.1811024 0.39370079,0.88582677 1.5748031 0.39370079] }
 coordIndex [
  3,1,0,-1,3,0,2,-1]
  normalPerVertex TRUE
  normal DEF NORM_156 Normal { vector [
  -1 0 0,-1 0 0,
  -1 0 0,-1 0 0] }
}
}
DEF SHAPE_157 Shape {
 appearance USE APP_3
 geometry DEF FACE_157 IndexedFaceSet {
  coord DEF COORD_157 Coordinate { point [
  3.8031496 1.1811024 0.24409449,0.88582677 1.1811024 0.24409449,
  3.8031496 1.5748031 0.24409449,0.88582677 1.5748031 0.24409449] }
 coordIndex [
  3,0,1,-1,3,2,0,-1]
  normalPerVertex TRUE
  normal DEF NORM_157 Normal { vector [
  0 0 -1,0 0 -1,
  0 0 -1,0 0 -1] }
}
}
DEF SHAPE_158 Shape {
 appearance USE APP_3
 geometry DEF FACE_158 IndexedFaceSet {
  coord DEF COORD_158 Coordinate { point [
  3.8031496 1.1811024 0.39370079,0.88582677 1.1811024 0.39370079,
  3.8031496 1.5748031 0.39370079,0.88582677 1.5748031 0.39370079] }
 coordIndex [
  3,1,0,-1,3,0,2,-1]
  normalPerVertex TRUE
  normal DEF NORM_158 Normal { vector [
  0 0 1,0 0 1,
  0 0 1,0 0 1] }
}
}
] }
DEF TXFM_9 Transform {
  center 0 0 0
  rotation 0 0 1 0
  scale 1 1 1
  scaleOrientation 0 0 1 0
  translation 0 0 0
 children [
DEF SHAPE_159 Shape {
 appearance USE APP_2
 geometry DEF FACE_159 IndexedFaceSet {
  coord DEF COORD_159 Coordinate { point [
  -2.7165354 -1.1023622 0.019685039,-2.7674841 -1.0956547 0.019685039,
  -2.8149606 -1.0759893 0.019685039,-2.8557297 -1.0447061 0.019685039,
  -2.8870129 -1.003937 0.019685039,-2.9066783 -0.95646044 0.019685039,
  -2.9133858 -0.90551181 0.019685039,-2.9066783 -0.85456318 0.019685039,
  -2.8870129 -0.80708661 0.019685039,-2.8557297 -0.76631756 0.019685039,
  -2.8149606 -0.73503437 0.019685039,-2.7674841 -0.71536893 0.019685039,
  -2.7165354 -0.70866142 0.019685039,-2.6655868 -0.71536893 0.019685039,
  -2.6181102 -0.73503437 0.019685039,-2.5773412 -0.76631756 0.019685039,
  -2.546058 -0.80708661 0.019685039,-2.5263926 -0.85456318 0.019685039,
  -2.519685 -0.90551181 0.019685039,-2.5263926 -0.95646044 0.019685039,
  -2.546058 -1.003937 0.019685039,-2.5773412 -1.0447061 0.019685039,
  -2.6181102 -1.0759893 0.019685039,-2.6655868 -1.0956547 0.019685039,
  -2.7165354 -1.1023622 0.019685039,-2.7165354 -1.1023622 -0.31496063,
  -2.7165354 -1.1023622 -0.31496063,-2.7674841 -1.0956547 -0.31496063,
  -2.8149606 -1.0759893 -0.31496063,-2.8557297 -1.0447061 -0.31496063,
  -2.8870129 -1.003937 -0.31496063,-2.9066783 -0.95646044 -0.31496063,
  -2.9133858 -0.90551181 -0.31496063,-2.9066783 -0.85456318 -0.31496063,
  -2.8870129 -0.80708661 -0.31496063,-2.8557297 -0.76631756 -0.31496063,
  -2.8149606 -0.73503437 -0.31496063,-2.7674841 -0.71536893 -0.31496063,
  -2.7165354 -0.70866142 -0.31496063,-2.6655868 -0.71536893 -0.31496063,
  -2.6181102 -0.73503437 -0.31496063,-2.5773412 -0.76631756 -0.31496063,
  -2.546058 -0.80708661 -0.31496063,-2.5263926 -0.85456318 -0.31496063,
  -2.519685 -0.90551181 -0.31496063,-2.5263926 -0.95646044 -0.31496063,
  -2.546058 -1.003937 -0.31496063,-2.5773412 -1.0447061 -0.31496063,
  -2.6181102 -1.0759893 -0.31496063,-2.6655868 -1.0956547 -0.31496063] }
 coordIndex [
  23,24,25,-1,23,25,49,-1,22,49,48,-1,22,23,49,-1,21,48,47,-1,21,22,48,-1,20,47,46,-1,20,21,47,-1,
  19,46,45,-1,19,20,46,-1,18,44,43,-1,18,45,44,-1,18,19,45,-1,17,18,43,-1,16,43,42,-1,16,17,43,-1,
  15,41,40,-1,15,42,41,-1,15,16,42,-1,14,15,40,-1,13,14,40,-1,13,40,39,-1,12,13,39,-1,12,39,38,-1,
  11,12,38,-1,11,38,37,-1,10,11,37,-1,10,37,36,-1,9,10,36,-1,9,36,35,-1,8,9,35,-1,8,35,34,-1,
  7,8,34,-1,7,34,33,-1,6,7,33,-1,6,33,32,-1,5,32,31,-1,5,6,32,-1,4,31,30,-1,4,5,31,-1,
  3,30,29,-1,3,4,30,-1,2,29,28,-1,2,3,29,-1,1,28,27,-1,1,2,28,-1,0,27,26,-1,0,1,27,-1]
  normalPerVertex TRUE
  normal DEF NORM_159 Normal { vector [
  -0.13052619 -0.99144486 0,-0.30091828 -0.95364993 0,
  -0.5374875 -0.84327172 0,-0.73742784 -0.67542593 0,
  -0.88711369 -0.46155098 0,-0.9763442 -0.21622209 0,
  -0.99903848 0.04384197 0,-0.95364993 0.30091828 0,
  -0.84327172 0.5374875 0,-0.67542593 0.73742784 0,
  -0.46155098 0.88711369 0,-0.21622209 0.9763442 0,
  0.04384197 0.99903848 0,0.30091828 0.95364993 0,
  0.5 0.8660254 0,0.70710678 0.70710678 0,
  0.88711369 0.46155098 0,0.96592583 0.25881905 0,
  1 0 0,0.95364993 -0.30091828 0,
  0.84327172 -0.5374875 0,0.67542593 -0.73742784 0,
  0.46155098 -0.88711369 0,0.21622209 -0.9763442 0,
  0.13052619 -0.99144486 0,0.13052619 -0.99144486 0,
  -0.13052619 -0.99144486 0,-0.21622209 -0.9763442 0,
  -0.46155098 -0.88711369 0,-0.67542593 -0.73742784 0,
  -0.84327172 -0.5374875 0,-0.95364993 -0.30091828 0,
  -0.99903848 -0.04384197 0,-0.9763442 0.21622209 0,
  -0.88711369 0.46155098 0,-0.73742784 0.67542593 0,
  -0.5374875 0.84327172 0,-0.30091828 0.95364993 0,
  -0.04384197 0.99903848 0,0.21622209 0.9763442 0,
  0.5 0.8660254 0,0.70710678 0.70710678 0,
  0.84327172 0.5374875 0,0.96592583 0.25881905 0,
  1 0 0,0.9763442 -0.21622209 0,
  0.88711369 -0.46155098 0,0.73742784 -0.67542593 0,
  0.5374875 -0.84327172 0,0.30091828 -0.95364993 0] }
}
}
DEF SHAPE_160 Shape {
 appearance USE APP_2
 geometry DEF FACE_160 IndexedFaceSet {
  coord DEF COORD_160 Coordinate { point [
  -2.7165354 -1.1023622 -0.31496063,-2.7165354 -1.0990084 -0.34043495,
  -2.7165354 -1.0891757 -0.36417323,-2.7165354 -1.0735341 -0.38455775,
  -2.7165354 -1.0531496 -0.40019935,-2.7165354 -1.0294113 -0.41003207,
  -2.7165354 -1.003937 -0.41338583,-2.7674841 -1.0956547 -0.31496063,
  -2.8149606 -1.0759893 -0.31496063,-2.8557297 -1.0447061 -0.31496063,
  -2.8870129 -1.003937 -0.31496063,-2.9066783 -0.95646044 -0.31496063,
  -2.9133858 -0.90551181 -0.31496063,-2.9066783 -0.85456318 -0.31496063,
  -2.8870129 -0.80708661 -0.31496063,-2.8557297 -0.76631756 -0.31496063,
  -2.8149606 -0.73503437 -0.31496063,-2.7674841 -0.71536893 -0.31496063,
  -2.7165354 -0.70866142 -0.31496063,-2.6655868 -0.71536893 -0.31496063,
  -2.6181102 -0.73503437 -0.31496063,-2.5773412 -0.76631756 -0.31496063,
  -2.546058 -0.80708661 -0.31496063,-2.5263926 -0.85456318 -0.31496063,
  -2.519685 -0.90551181 -0.31496063,-2.5263926 -0.95646044 -0.31496063,
  -2.546058 -1.003937 -0.31496063,-2.5773412 -1.0447061 -0.31496063,
  -2.6181102 -1.0759893 -0.31496063,-2.6655868 -1.0956547 -0.31496063,
  -2.7165354 -1.1023622 -0.31496063,-2.7165354 -1.0990084 -0.34043495,
  -2.7165354 -1.0891757 -0.36417323,-2.7165354 -1.0735341 -0.38455775,
  -2.7165354 -1.0531496 -0.40019935,-2.7165354 -1.0294113 -0.41003207,
  -2.7165354 -1.003937 -0.41338583,-2.7420097 -1.0005833 -0.41338583,
  -2.765748 -0.99075053 -0.41338583,-2.7861326 -0.97510894 -0.41338583,
  -2.8017742 -0.95472441 -0.41338583,-2.8116069 -0.93098613 -0.41338583,
  -2.8149606 -0.90551181 -0.41338583,-2.8116069 -0.8800375 -0.41338583,
  -2.8017742 -0.85629921 -0.41338583,-2.7861326 -0.83591469 -0.41338583,
  -2.765748 -0.82027309 -0.41338583,-2.7420097 -0.81044037 -0.41338583,
  -2.7165354 -0.80708661 -0.41338583,-2.6910611 -0.81044037 -0.41338583,
  -2.6673228 -0.82027309 -0.41338583,-2.6469383 -0.83591469 -0.41338583,
  -2.6312967 -0.85629921 -0.41338583,-2.621464 -0.8800375 -0.41338583,
  -2.6181102 -0.90551181 -0.41338583,-2.621464 -0.93098613 -0.41338583,
  -2.6312967 -0.95472441 -0.41338583,-2.6469383 -0.97510894 -0.41338583,
  -2.6673228 -0.99075053 -0.41338583,-2.6910611 -1.0005833 -0.41338583,
  -2.766616 -1.0924152 -0.34043495,-2.7640712 -1.0829175 -0.36417323,
  -2.8132838 -1.0730848 -0.34043495,-2.7600228 -1.0678089 -0.38455775,
  -2.8083674 -1.0645694 -0.36417323,-2.7547469 -1.048119 -0.40019935,
  -2.8533582 -1.0423346 -0.34043495,-2.8005466 -1.0510234 -0.38455775,
  -2.748603 -1.0251895 -0.41003207,-2.8464054 -1.0353818 -0.36417323,
  -2.7903543 -1.0333699 -0.40019935,-2.8841084 -1.0022601 -0.34043495,
  -2.8353452 -1.0243215 -0.38455775,-2.7784852 -1.0128119 -0.41003207,
  -2.8755931 -0.99734377 -0.36417323,-2.8209311 -1.0099075 -0.40019935,
  -2.9034388 -0.95559243 -0.34043495,-2.862047 -0.98952297 -0.38455775,
  -2.8041456 -0.993122 -0.41003207,-2.8939412 -0.95304753 -0.36417323,
  -2.8443935 -0.97933071 -0.40019935,-2.9100321 -0.90551181 -0.34043495,
  -2.8788325 -0.94899919 -0.38455775,-2.8238356 -0.96746157 -0.41003207,
  -2.9001994 -0.90551181 -0.36417323,-2.8591426 -0.94372328 -0.40019935,
  -2.9034388 -0.8554312 -0.34043495,-2.8845578 -0.90551181 -0.38455775,
  -2.8362132 -0.93757936 -0.41003207,-2.8939412 -0.85797609 -0.36417323,
  -2.8641732 -0.90551181 -0.40019935,-2.8841084 -0.80876349 -0.34043495,
  -2.8788325 -0.86202443 -0.38455775,-2.8404349 -0.90551181 -0.41003207,
  -2.8755931 -0.81367985 -0.36417323,-2.8591426 -0.86730034 -0.40019935,
  -2.8533582 -0.76868903 -0.34043495,-2.862047 -0.82150065 -0.38455775,
  -2.8362132 -0.87344426 -0.41003207,-2.8464054 -0.77564181 -0.36417323,
  -2.8443935 -0.83169291 -0.40019935,-2.8132838 -0.73793881 -0.34043495,
  -2.8353452 -0.78670209 -0.38455775,-2.8238356 -0.84356205 -0.41003207,
  -2.8083674 -0.74645419 -0.36417323,-2.8209311 -0.80111612 -0.40019935,
  -2.766616 -0.71860841 -0.34043495,-2.8005466 -0.76000021 -0.38455775,
  -2.8041456 -0.81790163 -0.41003207,-2.7640712 -0.72810609 -0.36417323,
  -2.7903543 -0.77765373 -0.40019935,-2.7165354 -0.71201517 -0.34043495,
  -2.7600228 -0.74321471 -0.38455775,-2.7784852 -0.79821169 -0.41003207,
  -2.7165354 -0.72184789 -0.36417323,-2.7547469 -0.76290465 -0.40019935,
  -2.6664548 -0.71860841 -0.34043495,-2.7165354 -0.73748949 -0.38455775,
  -2.748603 -0.78583407 -0.41003207,-2.6689997 -0.72810609 -0.36417323,
  -2.7165354 -0.75787402 -0.40019935,-2.6197871 -0.73793881 -0.34043495,
  -2.6730481 -0.74321471 -0.38455775,-2.7165354 -0.7816123 -0.41003207,
  -2.6247035 -0.74645419 -0.36417323,-2.678324 -0.76290465 -0.40019935,
  -2.5797126 -0.76868903 -0.34043495,-2.6325243 -0.76000021 -0.38455775,
  -2.6844679 -0.78583407 -0.41003207,-2.5866654 -0.77564181 -0.36417323,
  -2.6427165 -0.77765373 -0.40019935,-2.5489624 -0.80876349 -0.34043495,
  -2.5977257 -0.78670209 -0.38455775,-2.6545857 -0.79821169 -0.41003207,
  -2.5574778 -0.81367985 -0.36417323,-2.6121397 -0.80111612 -0.40019935,
  -2.529632 -0.8554312 -0.34043495,-2.5710238 -0.82150065 -0.38455775,
  -2.6289252 -0.81790163 -0.41003207,-2.5391297 -0.85797609 -0.36417323,
  -2.5886774 -0.83169291 -0.40019935,-2.5230388 -0.90551181 -0.34043495,
  -2.5542383 -0.86202443 -0.38455775,-2.6092353 -0.84356205 -0.41003207,
  -2.5328715 -0.90551181 -0.36417323,-2.5739283 -0.86730034 -0.40019935,
  -2.529632 -0.95559243 -0.34043495,-2.5485131 -0.90551181 -0.38455775,
  -2.5968577 -0.87344426 -0.41003207,-2.5391297 -0.95304753 -0.36417323,
  -2.5688976 -0.90551181 -0.40019935,-2.5489624 -1.0022601 -0.34043495,
  -2.5542383 -0.94899919 -0.38455775,-2.5926359 -0.90551181 -0.41003207,
  -2.5574778 -0.99734377 -0.36417323,-2.5739283 -0.94372328 -0.40019935,
  -2.5797126 -1.0423346 -0.34043495,-2.5710238 -0.98952297 -0.38455775,
  -2.5968577 -0.93757936 -0.41003207,-2.5866654 -1.0353818 -0.36417323,
  -2.5886774 -0.97933071 -0.40019935,-2.6197871 -1.0730848 -0.34043495,
  -2.5977257 -1.0243215 -0.38455775,-2.6092353 -0.96746157 -0.41003207,
  -2.6247035 -1.0645694 -0.36417323,-2.6121397 -1.0099075 -0.40019935,
  -2.6664548 -1.0924152 -0.34043495,-2.6325243 -1.0510234 -0.38455775,
  -2.6289252 -0.993122 -0.41003207,-2.6689997 -1.0829175 -0.36417323,
  -2.6427165 -1.0333699 -0.40019935,-2.6730481 -1.0678089 -0.38455775,
  -2.6545857 -1.0128119 -0.41003207,-2.678324 -1.048119 -0.40019935,
  -2.6844679 -1.0251895 -0.41003207] }
 coordIndex [
  36,59,35,-1,60,1,0,-1,60,0,7,-1,61,2,1,-1,61,1,60,-1,62,7,8,-1,62,60,7,-1,63,3,2,-1,
  63,2,61,-1,64,61,60,-1,64,60,62,-1,65,4,3,-1,65,3,63,-1,66,8,9,-1,66,62,8,-1,67,61,64,-1,
  67,63,61,-1,68,5,4,-1,68,6,5,-1,68,4,65,-1,68,37,6,-1,69,64,62,-1,69,62,66,-1,70,65,63,-1,
  70,63,67,-1,71,9,10,-1,71,66,9,-1,72,67,64,-1,72,64,69,-1,73,38,37,-1,73,37,68,-1,73,68,65,-1,
  73,65,70,-1,74,66,71,-1,74,69,66,-1,75,70,67,-1,75,67,72,-1,76,10,11,-1,76,71,10,-1,77,72,69,-1,
  77,69,74,-1,78,38,73,-1,78,39,38,-1,78,73,70,-1,78,70,75,-1,79,74,71,-1,79,71,76,-1,80,75,72,-1,
  80,72,77,-1,81,11,12,-1,81,76,11,-1,82,77,74,-1,82,74,79,-1,83,78,75,-1,83,40,39,-1,83,75,80,-1,
  83,39,78,-1,84,76,81,-1,84,79,76,-1,85,80,77,-1,85,77,82,-1,86,12,13,-1,86,81,12,-1,87,82,79,-1,
  87,79,84,-1,88,80,85,-1,88,41,40,-1,88,83,80,-1,88,40,83,-1,89,84,81,-1,89,81,86,-1,90,85,82,-1,
  90,82,87,-1,91,13,14,-1,91,89,86,-1,91,86,13,-1,92,84,89,-1,92,87,84,-1,93,85,90,-1,93,42,41,-1,
  93,88,85,-1,93,41,88,-1,94,89,91,-1,95,87,92,-1,95,90,87,-1,96,14,15,-1,96,91,14,-1,97,92,89,-1,
  97,89,94,-1,98,42,93,-1,98,93,90,-1,98,90,95,-1,98,43,42,-1,99,94,91,-1,99,91,96,-1,100,92,97,-1,
  100,95,92,-1,101,15,16,-1,101,96,15,-1,102,97,94,-1,102,94,99,-1,103,98,95,-1,103,43,98,-1,103,95,100,-1,
  103,44,43,-1,104,99,96,-1,104,96,101,-1,105,97,102,-1,105,100,97,-1,106,16,17,-1,106,17,18,-1,106,101,16,-1,
  107,102,99,-1,107,99,104,-1,108,103,100,-1,108,100,105,-1,108,45,44,-1,108,44,103,-1,109,104,101,-1,109,101,106,-1,
  110,105,102,-1,110,102,107,-1,111,106,18,-1,112,107,104,-1,112,104,109,-1,113,108,105,-1,113,45,108,-1,113,46,45,-1,
  113,105,110,-1,114,109,106,-1,114,106,111,-1,114,112,109,-1,115,110,107,-1,115,107,112,-1,116,18,19,-1,116,111,18,-1,
  117,112,114,-1,117,115,112,-1,118,47,46,-1,118,46,113,-1,118,110,115,-1,118,113,110,-1,119,114,111,-1,119,111,116,-1,
  120,115,117,-1,121,19,20,-1,121,116,19,-1,122,117,114,-1,122,114,119,-1,123,48,47,-1,123,47,118,-1,123,118,115,-1,
  123,115,120,-1,124,119,116,-1,124,116,121,-1,124,122,119,-1,125,117,122,-1,125,120,117,-1,126,20,21,-1,126,121,20,-1,
  127,125,122,-1,127,122,124,-1,128,120,125,-1,128,49,48,-1,128,123,120,-1,128,48,123,-1,129,121,126,-1,129,124,121,-1,
  130,125,127,-1,131,21,22,-1,131,126,21,-1,132,127,124,-1,132,124,129,-1,133,49,128,-1,133,128,125,-1,133,50,49,-1,
  133,125,130,-1,134,129,126,-1,134,126,131,-1,135,127,132,-1,135,130,127,-1,136,22,23,-1,136,131,22,-1,137,132,129,-1,
  137,129,134,-1,138,133,130,-1,138,50,133,-1,138,130,135,-1,138,51,50,-1,139,134,131,-1,139,131,136,-1,140,135,132,-1,
  140,132,137,-1,141,23,24,-1,141,136,23,-1,142,137,134,-1,142,134,139,-1,142,140,137,-1,143,135,140,-1,143,138,135,-1,
  143,51,138,-1,143,52,51,-1,143,53,52,-1,144,139,136,-1,144,136,141,-1,145,140,142,-1,146,24,25,-1,146,141,24,-1,
  147,142,139,-1,147,139,144,-1,148,143,140,-1,148,53,143,-1,148,140,145,-1,149,144,141,-1,149,141,146,-1,150,142,147,-1,
  150,145,142,-1,151,25,26,-1,151,146,25,-1,152,144,149,-1,152,147,144,-1,153,53,148,-1,153,54,53,-1,153,148,145,-1,
  153,145,150,-1,154,149,146,-1,154,146,151,-1,155,150,147,-1,155,147,152,-1,156,26,27,-1,156,151,26,-1,156,154,151,-1,
  157,152,149,-1,157,155,152,-1,157,149,154,-1,158,55,54,-1,158,54,153,-1,158,153,150,-1,158,150,155,-1,159,154,156,-1,
  160,155,157,-1,160,158,155,-1,161,27,28,-1,161,156,27,-1,162,154,159,-1,162,157,154,-1,163,158,160,-1,163,56,55,-1,
  163,57,56,-1,163,55,158,-1,164,156,161,-1,164,159,156,-1,165,160,157,-1,165,157,162,-1,165,163,160,-1,166,28,29,-1,
  166,29,30,-1,166,30,31,-1,166,161,28,-1,167,162,159,-1,167,159,164,-1,168,57,163,-1,168,163,165,-1,169,31,32,-1,
  169,161,166,-1,169,166,31,-1,169,164,161,-1,170,165,162,-1,170,162,167,-1,171,167,164,-1,171,169,32,-1,171,32,33,-1,
  171,164,169,-1,172,57,168,-1,172,168,165,-1,172,165,170,-1,172,58,57,-1,172,59,58,-1,173,33,34,-1,173,171,33,-1,
  173,170,167,-1,173,167,171,-1,174,34,35,-1,174,172,170,-1,174,173,34,-1,174,59,172,-1,174,170,173,-1,174,35,59,-1]
  normalPerVertex TRUE
  normal DEF NORM_160 Normal { vector [
  -0.12942831 -0.9831056 -0.12942831,-0.1246307 -0.94666413 -0.29714344,
  -0.11051839 -0.83947055 -0.53204783,-0.088925678 -0.67545758 -0.73201727,
  -0.061228 -0.46507283 -0.88315253,-0.03405441 -0.25866892 -0.96536557,
  -0.017181563 -0.13050692 -0.99129851,-0.29787555 -0.94565561 -0.13040562,
  -0.53247937 -0.83633731 -0.13040562,-0.7307956 -0.67002401 -0.13040562,
  -0.87930931 -0.45804967 -0.13040562,-0.96789955 -0.21486001 -0.13040562,
  -0.99052904 0.042972003 -0.13040562,-0.94565561 0.29787555 -0.13040562,
  -0.83633731 0.53247937 -0.13040562,-0.67002401 0.7307956 -0.13040562,
  -0.45804967 0.87930931 -0.13040562,-0.25660481 0.9576622 -0.13052619,
  0 0.99144486 -0.13052619,0.29787555 0.94565561 -0.13040562,
  0.53247937 0.83633731 -0.13040562,0.7307956 0.67002401 -0.13040562,
  0.87930931 0.45804967 -0.13040562,0.96789955 0.21486001 -0.13040562,
  0.99052904 -0.042972003 -0.13040562,0.94565561 -0.29787555 -0.13040562,
  0.83633731 -0.53247937 -0.13040562,0.67002401 -0.7307956 -0.13040562,
  0.45804967 -0.87930931 -0.13040562,0.25660481 -0.9576622 -0.13052619,
  0.12942831 -0.9831056 -0.12942831,0.1246307 -0.94666413 -0.29714344,
  0.11051839 -0.83947055 -0.53204783,0.088925678 -0.67545758 -0.73201727,
  0.061228 -0.46507283 -0.88315253,0.029281718 -0.22241673 -0.97451187,
  0.017181563 -0.13050692 -0.99129851,-0.040193485 -0.12435787 -0.99142302,
  -0.07101011 -0.10971764 -0.99142302,-0.096987514 -0.087600331 -0.99142302,
  -0.11635538 -0.059513207 -0.99142302,-0.12779382 -0.027370355 -0.99142302,
  -0.13052332 0.0066377404 -0.99142302,-0.12435787 0.040193485 -0.99142302,
  -0.10971764 0.07101011 -0.99142302,-0.087600331 0.096987514 -0.99142302,
  -0.059513207 0.11635538 -0.99142302,-0.027370355 0.12779382 -0.99142302,
  0.0066377404 0.13052332 -0.99142302,0.040193485 0.12435787 -0.99142302,
  0.07101011 0.10971764 -0.99142302,0.096987514 0.087600331 -0.99142302,
  0.113039 0.065263096 -0.99144486,0.12607862 0.033782664 -0.99144486,
  0.13052332 -0.0066377404 -0.99142302,0.12435787 -0.040193485 -0.99142302,
  0.113039 -0.065263096 -0.99144486,0.092295956 -0.092295956 -0.99144486,
  0.065263096 -0.113039 -0.99144486,0.033782664 -0.12607862 -0.99144486,
  -0.24726826 -0.93414216 -0.25736518,-0.21921539 -0.83940278 -0.49734052,
  -0.48061658 -0.8383143 -0.25736518,-0.17673368 -0.6881272 -0.70373729,
  -0.42899923 -0.7540637 -0.49734052,-0.12290279 -0.49057891 -0.86268606,
  -0.68121167 -0.68535671 -0.25736518,-0.34881205 -0.61893779 -0.70373729,
  -0.057171924 -0.26133389 -0.96355382,-0.60954749 -0.61733643 -0.49734052,
  -0.24568614 -0.44205326 -0.86268606,-0.83538332 -0.4856932 -0.25736518,
  -0.49711946 -0.50756879 -0.70373729,-0.12286203 -0.23763197 -0.96355382,
  -0.74855609 -0.43853871 -0.49734052,-0.35172639 -0.3634024 -0.86268606,
  -0.93262497 -0.25293049 -0.25736518,-0.61154899 -0.36160982 -0.70373729,
  -0.18017928 -0.19773582 -0.96355382,-0.83655183 -0.22985529 -0.49734052,
  -0.43379707 -0.25998628 -0.86268606,-0.96630977 -0.0029309883 -0.25736518,
  -0.68430247 -0.19100774 -0.70373729,-0.22521762 -0.14436431 -0.96355382,
  -0.86753794 -0.005507618 -0.49734052,-0.48630519 -0.13885252 -0.86268606,
  -0.94592148 0.22584256 -0.23286842,-0.71042187 -0.0073887986 -0.70373729,
  -0.25490775 -0.081154606 -0.96355382,-0.84346956 0.24021136 -0.48047644,
  -0.50567242 -0.0082561864 -0.86268606,-0.84216396 0.46386818 -0.2749294,
  -0.6881272 0.17673368 -0.70373729,-0.26722634 -0.01241435 -0.96355382,
  -0.72922511 0.44365 -0.52096585,-0.49057891 0.12290279 -0.86268606,
  -0.68535671 0.68121167 -0.25736518,-0.61893779 0.34881205 -0.70373729,
  -0.26133389 0.057171924 -0.96355382,-0.61733643 0.60954749 -0.49734052,
  -0.44205326 0.24568614 -0.86268606,-0.4856932 0.83538332 -0.25736518,
  -0.50756879 0.49711946 -0.70373729,-0.23763197 0.12286203 -0.96355382,
  -0.43853871 0.74855609 -0.49734052,-0.3634024 0.35172639 -0.86268606,
  -0.23518327 0.94211563 -0.23897066,-0.36160982 0.61154899 -0.70373729,
  -0.19773582 0.18017928 -0.96355382,-0.25222262 0.84255961 -0.47589606,
  -0.25998628 0.43379707 -0.86268606,0.023514417 0.95882002 -0.28303929,
  -0.19132054 0.71401798 -0.6734796,-0.14436431 0.22521762 -0.96355382,
  -0.018771984 0.85835712 -0.51270915,-0.12953151 0.50656642 -0.85241542,
  0.24726826 0.93414216 -0.25736518,0 0.67814421 -0.73492886,
  -0.081154606 0.25490775 -0.96355382,0.20284861 0.85578933 -0.47589606,
  0.0088098298 0.48008396 -0.8771783,0.48061658 0.8383143 -0.25736518,
  0.19132054 0.71401798 -0.6734796,-0.01241435 0.26722634 -0.96355382,
  0.41292154 0.75274506 -0.51270915,0.14110563 0.50346514 -0.85241542,
  0.68121167 0.68535671 -0.25736518,0.33907211 0.58729011 -0.73492886,
  0.057171924 0.26133389 -0.96355382,0.60954749 0.61733643 -0.49734052,
  0.24767152 0.41135999 -0.8771783,0.83538332 0.4856932 -0.25736518,
  0.49711946 0.50756879 -0.70373729,0.12286203 0.23763197 -0.96355382,
  0.74855609 0.43853871 -0.49734052,0.35172639 0.3634024 -0.86268606,
  0.93262497 0.25293049 -0.25736518,0.61796582 0.38287355 -0.68667757,
  0.18017928 0.19773582 -0.96355382,0.83655183 0.22985529 -0.49734052,
  0.45578037 0.25622687 -0.85241542,0.96630977 0.0029309883 -0.25736518,
  0.66979349 0.19686963 -0.71597418,0.21321237 0.13340951 -0.96785453,
  0.86753794 0.005507618 -0.49734052,0.46600565 0.11574523 -0.8771783,
  0.93414216 -0.24726826 -0.25736518,0.71042187 0.0073887986 -0.70373729,
  0.27503022 0.0857627 -0.95760281,0.83940278 -0.21921539 -0.49734052,
  0.50567242 0.0082561864 -0.86268606,0.85523763 -0.46296965 -0.23286842,
  0.70770031 -0.16623534 -0.68667757,0.26722634 0.01241435 -0.96355382,
  0.75255776 -0.45033234 -0.48047644,0.5223081 -0.13995203 -0.8411942,
  0.69341 -0.66603033 -0.2749294,0.61282337 -0.33440767 -0.71597418,
  0.2775679 -0.072388968 -0.9579749,0.5895523 -0.61727034 -0.52096585,
  0.42016982 -0.23241244 -0.8771783,0.4856932 -0.83538332 -0.25736518,
  0.50756879 -0.49711946 -0.70373729,0.21321237 -0.13340951 -0.96785453,
  0.43853871 -0.74855609 -0.49734052,0.35665394 -0.33757002 -0.87111678,
  0.2527246 -0.94318106 -0.21573078,0.36160982 -0.61154899 -0.70373729,
  0.1830127 -0.1830127 -0.96592583,0.2297851 -0.85756968 -0.46018805,
  0.25998628 -0.43379707 -0.86268606,0.19132054 -0.71401798 -0.6734796,
  0.13340951 -0.21321237 -0.96785453,0.13995203 -0.5223081 -0.8411942,
  0.079179942 -0.29550357 -0.95205471] }
}
}
DEF SHAPE_161 Shape {
 appearance USE APP_2
 geometry DEF FACE_161 IndexedFaceSet {
  coord DEF COORD_161 Coordinate { point [
  -2.7165354 -1.1023622 0.019685039,-2.7674841 -1.0956547 0.019685039,
  -2.8149606 -1.0759893 0.019685039,-2.8557297 -1.0447061 0.019685039,
  -2.8870129 -1.003937 0.019685039,-2.9066783 -0.95646044 0.019685039,
  -2.9133858 -0.90551181 0.019685039,-2.9066783 -0.85456318 0.019685039,
  -2.8870129 -0.80708661 0.019685039,-2.8557297 -0.76631756 0.019685039,
  -2.8149606 -0.73503437 0.019685039,-2.7674841 -0.71536893 0.019685039,
  -2.7165354 -0.70866142 0.019685039,-2.6655868 -0.71536893 0.019685039,
  -2.6181102 -0.73503437 0.019685039,-2.5773412 -0.76631756 0.019685039,
  -2.546058 -0.80708661 0.019685039,-2.5263926 -0.85456318 0.019685039,
  -2.519685 -0.90551181 0.019685039,-2.5263926 -0.95646044 0.019685039,
  -2.546058 -1.003937 0.019685039,-2.5773412 -1.0447061 0.019685039,
  -2.6181102 -1.0759893 0.019685039,-2.6655868 -1.0956547 0.019685039] }
 coordIndex [
  13,15,14,-1,9,1,0,-1,9,2,1,-1,9,3,2,-1,9,4,3,-1,9,5,4,-1,9,6,5,-1,9,7,6,-1,
  9,8,7,-1,9,11,10,-1,9,12,11,-1,9,13,12,-1,9,16,15,-1,9,17,16,-1,9,18,17,-1,9,19,18,-1,
  9,20,19,-1,9,21,20,-1,9,22,21,-1,9,23,22,-1,9,0,23,-1,9,15,13,-1]
  normalPerVertex TRUE
  normal DEF NORM_161 Normal { vector [
  0 0 1,0 0 1,
  0 0 1,0 0 1,
  0 0 1,0 0 1,
  0 0 1,0 0 1,
  0 0 1,0 0 1,
  0 0 1,0 0 1,
  0 0 1,0 0 1,
  0 0 1,0 0 1,
  0 0 1,0 0 1,
  0 0 1,0 0 1,
  0 0 1,0 0 1,
  0 0 1,0 0 1] }
}
}
DEF SHAPE_162 Shape {
 appearance USE APP_2
 geometry DEF FACE_162 IndexedFaceSet {
  coord DEF COORD_162 Coordinate { point [
  -2.7165354 -1.003937 -0.41338583,-2.7420097 -1.0005833 -0.41338583,
  -2.765748 -0.99075053 -0.41338583,-2.7861326 -0.97510894 -0.41338583,
  -2.8017742 -0.95472441 -0.41338583,-2.8116069 -0.93098613 -0.41338583,
  -2.8149606 -0.90551181 -0.41338583,-2.8116069 -0.8800375 -0.41338583,
  -2.8017742 -0.85629921 -0.41338583,-2.7861326 -0.83591469 -0.41338583,
  -2.765748 -0.82027309 -0.41338583,-2.7420097 -0.81044037 -0.41338583,
  -2.7165354 -0.80708661 -0.41338583,-2.6910611 -0.81044037 -0.41338583,
  -2.6673228 -0.82027309 -0.41338583,-2.6469383 -0.83591469 -0.41338583,
  -2.6312967 -0.85629921 -0.41338583,-2.621464 -0.8800375 -0.41338583,
  -2.6181102 -0.90551181 -0.41338583,-2.621464 -0.93098613 -0.41338583,
  -2.6312967 -0.95472441 -0.41338583,-2.6469383 -0.97510894 -0.41338583,
  -2.6673228 -0.99075053 -0.41338583,-2.6910611 -1.0005833 -0.41338583] }
 coordIndex [
  9,0,1,-1,9,1,2,-1,9,2,3,-1,9,3,4,-1,9,4,5,-1,9,5,6,-1,9,6,7,-1,9,7,8,-1,
  9,10,11,-1,9,11,12,-1,9,12,13,-1,9,13,14,-1,9,14,15,-1,9,15,16,-1,9,16,17,-1,9,17,18,-1,
  9,18,19,-1,9,19,20,-1,9,20,21,-1,9,21,22,-1,9,22,23,-1,9,23,0,-1]
  normalPerVertex TRUE
  normal DEF NORM_162 Normal { vector [
  0 0 -1,0 0 -1,
  0 0 -1,0 0 -1,
  0 0 -1,0 0 -1,
  0 0 -1,0 0 -1,
  0 0 -1,0 0 -1,
  0 0 -1,0 0 -1,
  0 0 -1,0 0 -1,
  0 0 -1,0 0 -1,
  0 0 -1,0 0 -1,
  0 0 -1,0 0 -1,
  0 0 -1,0 0 -1,
  0 0 -1,0 0 -1] }
}
}
] }
DEF TXFM_10 Transform {
  center 0 0 0
  rotation 0 0 1 0
  scale 1 1 1
  scaleOrientation 0 0 1 0
  translation 0 0 0
 children [
DEF SHAPE_163 Shape {
 appearance USE APP_2
 geometry DEF FACE_163 IndexedFaceSet {
  coord DEF COORD_163 Coordinate { point [
  -2.7165354 1.1023622 0.019685039,-2.7165354 1.1023622 -0.31496063,
  -2.7674841 1.0956547 -0.31496063,-2.8149606 1.0759893 -0.31496063,
  -2.8557297 1.0447061 -0.31496063,-2.8870129 1.003937 -0.31496063,
  -2.9066783 0.95646044 -0.31496063,-2.9133858 0.90551181 -0.31496063,
  -2.9066783 0.85456318 -0.31496063,-2.8870129 0.80708661 -0.31496063,
  -2.8557297 0.76631756 -0.31496063,-2.8149606 0.73503437 -0.31496063,
  -2.7674841 0.71536893 -0.31496063,-2.7165354 0.70866142 -0.31496063,
  -2.6655868 0.71536893 -0.31496063,-2.6181102 0.73503437 -0.31496063,
  -2.5773412 0.76631756 -0.31496063,-2.546058 0.80708661 -0.31496063,
  -2.5263926 0.85456318 -0.31496063,-2.519685 0.90551181 -0.31496063,
  -2.5263926 0.95646044 -0.31496063,-2.546058 1.003937 -0.31496063,
  -2.5773412 1.0447061 -0.31496063,-2.6181102 1.0759893 -0.31496063,
  -2.6655868 1.0956547 -0.31496063,-2.7165354 1.1023622 -0.31496063,
  -2.7165354 1.1023622 0.019685039,-2.7674841 1.0956547 0.019685039,
  -2.8149606 1.0759893 0.019685039,-2.8557297 1.0447061 0.019685039,
  -2.8870129 1.003937 0.019685039,-2.9066783 0.95646044 0.019685039,
  -2.9133858 0.90551181 0.019685039,-2.9066783 0.85456318 0.019685039,
  -2.8870129 0.80708661 0.019685039,-2.8557297 0.76631756 0.019685039,
  -2.8149606 0.73503437 0.019685039,-2.7674841 0.71536893 0.019685039,
  -2.7165354 0.70866142 0.019685039,-2.6655868 0.71536893 0.019685039,
  -2.6181102 0.73503437 0.019685039,-2.5773412 0.76631756 0.019685039,
  -2.546058 0.80708661 0.019685039,-2.5263926 0.85456318 0.019685039,
  -2.519685 0.90551181 0.019685039,-2.5263926 0.95646044 0.019685039,
  -2.546058 1.003937 0.019685039,-2.5773412 1.0447061 0.019685039,
  -2.6181102 1.0759893 0.019685039,-2.6655868 1.0956547 0.019685039] }
 coordIndex [
  27,0,1,-1,27,1,2,-1,28,2,3,-1,28,27,2,-1,29,3,4,-1,29,28,3,-1,30,4,5,-1,30,29,4,-1,
  31,5,6,-1,31,30,5,-1,32,6,7,-1,32,7,8,-1,32,31,6,-1,33,32,8,-1,34,8,9,-1,34,33,8,-1,
  35,9,10,-1,35,34,9,-1,36,10,11,-1,36,35,10,-1,37,11,12,-1,37,36,11,-1,38,37,12,-1,38,12,13,-1,
  39,38,13,-1,39,13,14,-1,40,39,14,-1,40,14,15,-1,41,15,16,-1,41,40,15,-1,42,16,17,-1,42,41,16,-1,
  43,17,18,-1,43,42,17,-1,44,18,19,-1,44,43,18,-1,45,44,19,-1,45,19,20,-1,46,20,21,-1,46,45,20,-1,
  47,21,22,-1,47,22,23,-1,47,46,21,-1,48,47,23,-1,49,23,24,-1,49,48,23,-1,26,24,25,-1,26,49,24,-1]
  normalPerVertex TRUE
  normal DEF NORM_163 Normal { vector [
  -0.13052619 0.99144486 0,-0.13052619 0.99144486 0,
  -0.30091828 0.95364993 0,-0.5374875 0.84327172 0,
  -0.73742784 0.67542593 0,-0.88711369 0.46155098 0,
  -0.9763442 0.21622209 0,-1 0 0,
  -0.96592583 -0.25881905 0,-0.84327172 -0.5374875 0,
  -0.67542593 -0.73742784 0,-0.46155098 -0.88711369 0,
  -0.21622209 -0.9763442 0,0.04384197 -0.99903848 0,
  0.30091828 -0.95364993 0,0.5374875 -0.84327172 0,
  0.73742784 -0.67542593 0,0.88711369 -0.46155098 0,
  0.9763442 -0.21622209 0,0.99903848 0.04384197 0,
  0.95364993 0.30091828 0,0.84327172 0.5374875 0,
  0.70710678 0.70710678 0,0.5 0.8660254 0,
  0.21622209 0.9763442 0,0.13052619 0.99144486 0,
  0.13052619 0.99144486 0,-0.21622209 0.9763442 0,
  -0.46155098 0.88711369 0,-0.67542593 0.73742784 0,
  -0.84327172 0.5374875 0,-0.95364993 0.30091828 0,
  -1 0 0,-0.96592583 -0.25881905 0,
  -0.88711369 -0.46155098 0,-0.73742784 -0.67542593 0,
  -0.5374875 -0.84327172 0,-0.30091828 -0.95364993 0,
  -0.04384197 -0.99903848 0,0.21622209 -0.9763442 0,
  0.46155098 -0.88711369 0,0.67542593 -0.73742784 0,
  0.84327172 -0.5374875 0,0.95364993 -0.30091828 0,
  0.99903848 -0.04384197 0,0.9763442 0.21622209 0,
  0.88711369 0.46155098 0,0.70710678 0.70710678 0,
  0.5 0.8660254 0,0.30091828 0.95364993 0] }
}
}
DEF SHAPE_164 Shape {
 appearance USE APP_2
 geometry DEF FACE_164 IndexedFaceSet {
  coord DEF COORD_164 Coordinate { point [
  -2.7165354 1.1023622 -0.31496063,-2.7165354 1.0990084 -0.34043495,
  -2.7165354 1.0891757 -0.36417323,-2.7165354 1.0735341 -0.38455775,
  -2.7165354 1.0531496 -0.40019935,-2.7165354 1.0294113 -0.41003207,
  -2.7165354 1.003937 -0.41338583,-2.7165354 1.1023622 -0.31496063,
  -2.7674841 1.0956547 -0.31496063,-2.8149606 1.0759893 -0.31496063,
  -2.8557297 1.0447061 -0.31496063,-2.8870129 1.003937 -0.31496063,
  -2.9066783 0.95646044 -0.31496063,-2.9133858 0.90551181 -0.31496063,
  -2.9066783 0.85456318 -0.31496063,-2.8870129 0.80708661 -0.31496063,
  -2.8557297 0.76631756 -0.31496063,-2.8149606 0.73503437 -0.31496063,
  -2.7674841 0.71536893 -0.31496063,-2.7165354 0.70866142 -0.31496063,
  -2.6655868 0.71536893 -0.31496063,-2.6181102 0.73503437 -0.31496063,
  -2.5773412 0.76631756 -0.31496063,-2.546058 0.80708661 -0.31496063,
  -2.5263926 0.85456318 -0.31496063,-2.519685 0.90551181 -0.31496063,
  -2.5263926 0.95646044 -0.31496063,-2.546058 1.003937 -0.31496063,
  -2.5773412 1.0447061 -0.31496063,-2.6181102 1.0759893 -0.31496063,
  -2.6655868 1.0956547 -0.31496063,-2.7165354 1.0990084 -0.34043495,
  -2.7165354 1.0891757 -0.36417323,-2.7165354 1.0735341 -0.38455775,
  -2.7165354 1.0531496 -0.40019935,-2.7165354 1.0294113 -0.41003207,
  -2.7165354 1.003937 -0.41338583,-2.7420097 1.0005833 -0.41338583,
  -2.765748 0.99075053 -0.41338583,-2.7861326 0.97510894 -0.41338583,
  -2.8017742 0.95472441 -0.41338583,-2.8116069 0.93098613 -0.41338583,
  -2.8149606 0.90551181 -0.41338583,-2.8116069 0.8800375 -0.41338583,
  -2.8017742 0.85629921 -0.41338583,-2.7861326 0.83591469 -0.41338583,
  -2.765748 0.82027309 -0.41338583,-2.7420097 0.81044037 -0.41338583,
  -2.7165354 0.80708661 -0.41338583,-2.6910611 0.81044037 -0.41338583,
  -2.6673228 0.82027309 -0.41338583,-2.6469383 0.83591469 -0.41338583,
  -2.6312967 0.85629921 -0.41338583,-2.621464 0.8800375 -0.41338583,
  -2.6181102 0.90551181 -0.41338583,-2.621464 0.93098613 -0.41338583,
  -2.6312967 0.95472441 -0.41338583,-2.6469383 0.97510894 -0.41338583,
  -2.6673228 0.99075053 -0.41338583,-2.6910611 1.0005833 -0.41338583,
  -2.6664548 1.0924152 -0.34043495,-2.6689997 1.0829175 -0.36417323,
  -2.6197871 1.0730848 -0.34043495,-2.6730481 1.0678089 -0.38455775,
  -2.6247035 1.0645694 -0.36417323,-2.678324 1.048119 -0.40019935,
  -2.5797126 1.0423346 -0.34043495,-2.6325243 1.0510234 -0.38455775,
  -2.6844679 1.0251895 -0.41003207,-2.5866654 1.0353818 -0.36417323,
  -2.6427165 1.0333699 -0.40019935,-2.5489624 1.0022601 -0.34043495,
  -2.5977257 1.0243215 -0.38455775,-2.6545857 1.0128119 -0.41003207,
  -2.5574778 0.99734377 -0.36417323,-2.6121397 1.0099075 -0.40019935,
  -2.529632 0.95559243 -0.34043495,-2.5710238 0.98952297 -0.38455775,
  -2.6289252 0.993122 -0.41003207,-2.5391297 0.95304753 -0.36417323,
  -2.5886774 0.97933071 -0.40019935,-2.5230388 0.90551181 -0.34043495,
  -2.5542383 0.94899919 -0.38455775,-2.6092353 0.96746157 -0.41003207,
  -2.5328715 0.90551181 -0.36417323,-2.5739283 0.94372328 -0.40019935,
  -2.529632 0.8554312 -0.34043495,-2.5485131 0.90551181 -0.38455775,
  -2.5968577 0.93757936 -0.41003207,-2.5391297 0.85797609 -0.36417323,
  -2.5688976 0.90551181 -0.40019935,-2.5489624 0.80876349 -0.34043495,
  -2.5542383 0.86202443 -0.38455775,-2.5926359 0.90551181 -0.41003207,
  -2.5574778 0.81367985 -0.36417323,-2.5739283 0.86730034 -0.40019935,
  -2.5797126 0.76868903 -0.34043495,-2.5710238 0.82150065 -0.38455775,
  -2.5968577 0.87344426 -0.41003207,-2.5866654 0.77564181 -0.36417323,
  -2.5886774 0.83169291 -0.40019935,-2.6197871 0.73793881 -0.34043495,
  -2.5977257 0.78670209 -0.38455775,-2.6092353 0.84356205 -0.41003207,
  -2.6247035 0.74645419 -0.36417323,-2.6121397 0.80111612 -0.40019935,
  -2.6664548 0.71860841 -0.34043495,-2.6325243 0.76000021 -0.38455775,
  -2.6289252 0.81790163 -0.41003207,-2.6689997 0.72810609 -0.36417323,
  -2.6427165 0.77765373 -0.40019935,-2.7165354 0.71201517 -0.34043495,
  -2.6730481 0.74321471 -0.38455775,-2.6545857 0.79821169 -0.41003207,
  -2.7165354 0.72184789 -0.36417323,-2.678324 0.76290465 -0.40019935,
  -2.766616 0.71860841 -0.34043495,-2.7165354 0.73748949 -0.38455775,
  -2.6844679 0.78583407 -0.41003207,-2.7640712 0.72810609 -0.36417323,
  -2.7165354 0.75787402 -0.40019935,-2.8132838 0.73793881 -0.34043495,
  -2.7600228 0.74321471 -0.38455775,-2.7165354 0.7816123 -0.41003207,
  -2.8083674 0.74645419 -0.36417323,-2.7547469 0.76290465 -0.40019935,
  -2.8533582 0.76868903 -0.34043495,-2.8005466 0.76000021 -0.38455775,
  -2.748603 0.78583407 -0.41003207,-2.8464054 0.77564181 -0.36417323,
  -2.7903543 0.77765373 -0.40019935,-2.8841084 0.80876349 -0.34043495,
  -2.8353452 0.78670209 -0.38455775,-2.7784852 0.79821169 -0.41003207,
  -2.8755931 0.81367985 -0.36417323,-2.8209311 0.80111612 -0.40019935,
  -2.9034388 0.8554312 -0.34043495,-2.862047 0.82150065 -0.38455775,
  -2.8041456 0.81790163 -0.41003207,-2.8939412 0.85797609 -0.36417323,
  -2.8443935 0.83169291 -0.40019935,-2.9100321 0.90551181 -0.34043495,
  -2.8788325 0.86202443 -0.38455775,-2.8238356 0.84356205 -0.41003207,
  -2.9001994 0.90551181 -0.36417323,-2.8591426 0.86730034 -0.40019935,
  -2.9034388 0.95559243 -0.34043495,-2.8845578 0.90551181 -0.38455775,
  -2.8362132 0.87344426 -0.41003207,-2.8939412 0.95304753 -0.36417323,
  -2.8641732 0.90551181 -0.40019935,-2.8841084 1.0022601 -0.34043495,
  -2.8788325 0.94899919 -0.38455775,-2.8404349 0.90551181 -0.41003207,
  -2.8755931 0.99734377 -0.36417323,-2.8591426 0.94372328 -0.40019935,
  -2.8533582 1.0423346 -0.34043495,-2.862047 0.98952297 -0.38455775,
  -2.8362132 0.93757936 -0.41003207,-2.8464054 1.0353818 -0.36417323,
  -2.8443935 0.97933071 -0.40019935,-2.8132838 1.0730848 -0.34043495,
  -2.8353452 1.0243215 -0.38455775,-2.8238356 0.96746157 -0.41003207,
  -2.8083674 1.0645694 -0.36417323,-2.8209311 1.0099075 -0.40019935,
  -2.766616 1.0924152 -0.34043495,-2.8005466 1.0510234 -0.38455775,
  -2.8041456 0.993122 -0.41003207,-2.7640712 1.0829175 -0.36417323,
  -2.7903543 1.0333699 -0.40019935,-2.7600228 1.0678089 -0.38455775,
  -2.7784852 1.0128119 -0.41003207,-2.7547469 1.048119 -0.40019935,
  -2.748603 1.0251895 -0.41003207] }
 coordIndex [
  36,37,35,-1,60,1,0,-1,60,0,30,-1,61,2,1,-1,61,1,60,-1,62,30,29,-1,62,60,30,-1,63,3,2,-1,
  63,2,61,-1,64,60,62,-1,64,61,60,-1,65,4,3,-1,65,3,63,-1,66,29,28,-1,66,62,29,-1,67,61,64,-1,
  67,63,61,-1,68,5,4,-1,68,6,5,-1,68,4,65,-1,68,59,6,-1,69,64,62,-1,69,62,66,-1,70,65,63,-1,
  70,63,67,-1,71,28,27,-1,71,66,28,-1,72,64,69,-1,72,67,64,-1,73,65,70,-1,73,68,65,-1,73,58,59,-1,
  73,59,68,-1,74,66,71,-1,74,69,66,-1,75,70,67,-1,75,67,72,-1,76,27,26,-1,76,71,27,-1,77,69,74,-1,
  77,72,69,-1,78,70,75,-1,78,57,58,-1,78,58,73,-1,78,73,70,-1,79,71,76,-1,79,74,71,-1,80,75,72,-1,
  80,72,77,-1,81,26,25,-1,81,76,26,-1,82,77,74,-1,82,74,79,-1,83,78,75,-1,83,56,57,-1,83,57,78,-1,
  83,75,80,-1,84,76,81,-1,84,79,76,-1,85,77,82,-1,85,80,77,-1,86,25,24,-1,86,81,25,-1,87,82,79,-1,
  87,79,84,-1,88,55,56,-1,88,56,83,-1,88,83,80,-1,88,80,85,-1,89,84,81,-1,89,81,86,-1,90,82,87,-1,
  90,85,82,-1,91,24,23,-1,91,86,24,-1,92,84,89,-1,92,87,84,-1,93,85,90,-1,93,54,55,-1,93,55,88,-1,
  93,88,85,-1,94,89,86,-1,94,86,91,-1,95,87,92,-1,95,90,87,-1,96,91,23,-1,96,23,22,-1,97,92,89,-1,
  97,89,94,-1,98,93,90,-1,98,90,95,-1,98,54,93,-1,98,52,53,-1,98,53,54,-1,99,94,91,-1,99,91,96,-1,
  100,92,97,-1,100,95,92,-1,101,22,21,-1,101,96,22,-1,102,94,99,-1,102,97,94,-1,103,95,100,-1,103,52,98,-1,
  103,98,95,-1,104,96,101,-1,104,99,96,-1,105,103,100,-1,105,97,102,-1,105,100,97,-1,106,101,21,-1,106,21,20,-1,
  107,102,99,-1,107,99,104,-1,108,52,103,-1,108,103,105,-1,108,51,52,-1,109,101,106,-1,109,104,101,-1,109,107,104,-1,
  110,105,102,-1,110,102,107,-1,111,20,19,-1,111,106,20,-1,112,110,107,-1,112,107,109,-1,113,108,105,-1,113,50,51,-1,
  113,105,110,-1,113,51,108,-1,114,106,111,-1,114,109,106,-1,115,110,112,-1,116,19,18,-1,116,111,19,-1,117,109,114,-1,
  117,112,109,-1,118,49,50,-1,118,50,113,-1,118,113,110,-1,118,110,115,-1,119,111,116,-1,119,114,111,-1,119,117,114,-1,
  120,115,112,-1,120,112,117,-1,121,17,16,-1,121,18,17,-1,121,116,18,-1,122,117,119,-1,122,120,117,-1,123,48,49,-1,
  123,49,118,-1,123,115,120,-1,123,118,115,-1,124,116,121,-1,124,119,116,-1,125,120,122,-1,126,121,16,-1,127,122,119,-1,
  127,119,124,-1,128,47,48,-1,128,48,123,-1,128,123,120,-1,128,120,125,-1,129,121,126,-1,129,124,121,-1,130,125,122,-1,
  130,122,127,-1,131,16,15,-1,131,126,16,-1,132,127,124,-1,132,124,129,-1,133,125,130,-1,133,128,125,-1,133,45,46,-1,
  133,46,47,-1,133,47,128,-1,134,129,126,-1,134,126,131,-1,135,127,132,-1,135,130,127,-1,136,15,14,-1,136,131,15,-1,
  137,132,129,-1,137,129,134,-1,138,133,130,-1,138,45,133,-1,138,130,135,-1,139,134,131,-1,139,131,136,-1,140,132,137,-1,
  140,135,132,-1,141,14,13,-1,141,136,14,-1,142,137,134,-1,142,140,137,-1,142,134,139,-1,143,45,138,-1,143,43,44,-1,
  143,44,45,-1,143,135,140,-1,143,138,135,-1,144,139,136,-1,144,136,141,-1,145,140,142,-1,146,13,12,-1,146,141,13,-1,
  147,139,144,-1,147,142,139,-1,148,43,143,-1,148,143,140,-1,148,140,145,-1,149,144,141,-1,149,141,146,-1,150,145,142,-1,
  150,142,147,-1,151,12,11,-1,151,146,12,-1,152,147,144,-1,152,144,149,-1,153,42,43,-1,153,43,148,-1,153,148,145,-1,
  153,145,150,-1,154,149,146,-1,154,146,151,-1,155,150,147,-1,155,147,152,-1,156,11,10,-1,156,151,11,-1,156,154,151,-1,
  157,149,154,-1,157,152,149,-1,158,41,42,-1,158,42,153,-1,158,153,150,-1,158,150,155,-1,159,154,156,-1,160,155,152,-1,
  160,158,155,-1,160,152,157,-1,161,10,9,-1,161,156,10,-1,162,157,154,-1,162,154,159,-1,163,158,160,-1,163,39,40,-1,
  163,40,41,-1,163,41,158,-1,164,156,161,-1,164,159,156,-1,165,157,162,-1,165,160,157,-1,165,163,160,-1,166,8,7,-1,
  166,9,8,-1,166,161,9,-1,166,7,31,-1,167,159,164,-1,167,162,159,-1,168,163,165,-1,168,39,163,-1,169,167,164,-1,
  169,31,32,-1,169,32,33,-1,169,166,31,-1,169,161,166,-1,169,164,161,-1,170,162,167,-1,170,165,162,-1,171,169,33,-1,
  171,167,169,-1,172,39,168,-1,172,38,39,-1,172,168,165,-1,172,165,170,-1,173,33,34,-1,173,171,33,-1,173,167,171,-1,
  173,170,167,-1,174,38,172,-1,174,34,35,-1,174,37,38,-1,174,173,34,-1,174,172,170,-1,174,170,173,-1,174,35,37,-1]
  normalPerVertex TRUE
  normal DEF NORM_164 Normal { vector [
  0.12942831 0.9831056 -0.12942831,0.1246307 0.94666413 -0.29714344,
  0.11051839 0.83947055 -0.53204783,0.088925678 0.67545758 -0.73201727,
  0.061228 0.46507283 -0.88315253,0.03405441 0.25866892 -0.96536557,
  0.017181563 0.13050692 -0.99129851,-0.12942831 0.9831056 -0.12942831,
  -0.25660481 0.9576622 -0.13052619,-0.45804967 0.87930931 -0.13040562,
  -0.67002401 0.7307956 -0.13040562,-0.83633731 0.53247937 -0.13040562,
  -0.94565561 0.29787555 -0.13040562,-0.99052904 0.042972003 -0.13040562,
  -0.96789955 -0.21486001 -0.13040562,-0.87930931 -0.45804967 -0.13040562,
  -0.70105738 -0.70105738 -0.13052619,-0.49572243 -0.85861644 -0.13052619,
  -0.29787555 -0.94565561 -0.13040562,-0.042972003 -0.99052904 -0.13040562,
  0.21486001 -0.96789955 -0.13040562,0.45804967 -0.87930931 -0.13040562,
  0.67002401 -0.7307956 -0.13040562,0.83633731 -0.53247937 -0.13040562,
  0.94565561 -0.29787555 -0.13040562,0.99052904 -0.042972003 -0.13040562,
  0.96789955 0.21486001 -0.13040562,0.87930931 0.45804967 -0.13040562,
  0.7307956 0.67002401 -0.13040562,0.53247937 0.83633731 -0.13040562,
  0.29787555 0.94565561 -0.13040562,-0.1246307 0.94666413 -0.29714344,
  -0.1132805 0.86045084 -0.49678152,-0.093342315 0.70900527 -0.69899838,
  -0.061228 0.46507283 -0.88315253,-0.029281718 0.22241673 -0.97451187,
  -0.017181563 0.13050692 -0.99129851,-0.027370355 0.12779382 -0.99142302,
  -0.059513207 0.11635538 -0.99142302,-0.092295956 0.092295956 -0.99144486,
  -0.113039 0.065263096 -0.99144486,-0.12435787 0.040193485 -0.99142302,
  -0.13052332 0.0066377404 -0.99142302,-0.12607862 -0.033782664 -0.99144486,
  -0.113039 -0.065263096 -0.99144486,-0.092295956 -0.092295956 -0.99144486,
  -0.065263096 -0.113039 -0.99144486,-0.040193485 -0.12435787 -0.99142302,
  -0.0066377404 -0.13052332 -0.99142302,0.027370355 -0.12779382 -0.99142302,
  0.059513207 -0.11635538 -0.99142302,0.087600331 -0.096987514 -0.99142302,
  0.113039 -0.065263096 -0.99144486,0.12607862 -0.033782664 -0.99144486,
  0.13052332 -0.0066377404 -0.99142302,0.12779382 0.027370355 -0.99142302,
  0.11635538 0.059513207 -0.99142302,0.096987514 0.087600331 -0.99142302,
  0.07101011 0.10971764 -0.99142302,0.040193485 0.12435787 -0.99142302,
  0.24726826 0.93414216 -0.25736518,0.21921539 0.83940278 -0.49734052,
  0.48061658 0.8383143 -0.25736518,0.17673368 0.6881272 -0.70373729,
  0.42899923 0.7540637 -0.49734052,0.12290279 0.49057891 -0.86268606,
  0.68121167 0.68535671 -0.25736518,0.34881205 0.61893779 -0.70373729,
  0.057171924 0.26133389 -0.96355382,0.60954749 0.61733643 -0.49734052,
  0.24568614 0.44205326 -0.86268606,0.83538332 0.4856932 -0.25736518,
  0.49711946 0.50756879 -0.70373729,0.12286203 0.23763197 -0.96355382,
  0.74855609 0.43853871 -0.49734052,0.35172639 0.3634024 -0.86268606,
  0.93262497 0.25293049 -0.25736518,0.61154899 0.36160982 -0.70373729,
  0.18017928 0.19773582 -0.96355382,0.83655183 0.22985529 -0.49734052,
  0.43379707 0.25998628 -0.86268606,0.96630977 0.0029309883 -0.25736518,
  0.68430247 0.19100774 -0.70373729,0.22521762 0.14436431 -0.96355382,
  0.86753794 0.005507618 -0.49734052,0.48630519 0.13885252 -0.86268606,
  0.93414216 -0.24726826 -0.25736518,0.71042187 0.0073887986 -0.70373729,
  0.25490775 0.081154606 -0.96355382,0.83940278 -0.21921539 -0.49734052,
  0.50567242 0.0082561864 -0.86268606,0.8383143 -0.48061658 -0.25736518,
  0.6881272 -0.17673368 -0.70373729,0.26722634 0.01241435 -0.96355382,
  0.7540637 -0.42899923 -0.49734052,0.49057891 -0.12290279 -0.86268606,
  0.68535671 -0.68121167 -0.25736518,0.61893779 -0.34881205 -0.70373729,
  0.24509868 -0.056429143 -0.96785453,0.61733643 -0.60954749 -0.49734052,
  0.46356448 -0.24697613 -0.85094698,0.4856932 -0.83538332 -0.25736518,
  0.50756879 -0.49711946 -0.70373729,0.26494125 -0.1529639 -0.95205471,
  0.46169881 -0.74857007 -0.47589606,0.35665394 -0.33757002 -0.87111678,
  0.25293049 -0.93262497 -0.25736518,0.3696029 -0.64017101 -0.6734796,
  0.17010311 -0.16604269 -0.97133658,0.24029151 -0.82425076 -0.51270915,
  0.25622687 -0.45578037 -0.85241542,0.0029309883 -0.96630977 -0.25736518,
  0.17551664 -0.65503701 -0.73492886,0.14436431 -0.22521762 -0.96355382,
  0.02555787 -0.8791301 -0.47589606,0.11574523 -0.46600565 -0.8771783,
  -0.24726826 -0.93414216 -0.25736518,0 -0.73920581 -0.6734796,
  0.081154606 -0.25490775 -0.96355382,-0.20402683 -0.83396786 -0.51270915,
  -0.0059912085 -0.52283081 -0.85241542,-0.49987667 -0.83247603 -0.23897066,
  -0.17551664 -0.65503701 -0.73492886,0.01241435 -0.26722634 -0.96355382,
  -0.42899923 -0.7540637 -0.49734052,-0.13276451 -0.46144535 -0.8771783,
  -0.69461534 -0.66136094 -0.28303929,-0.34881205 -0.61893779 -0.70373729,
  -0.057171924 -0.26133389 -0.96355382,-0.60954749 -0.61733643 -0.49734052,
  -0.24568614 -0.44205326 -0.86268606,-0.83538332 -0.4856932 -0.25736518,
  -0.49711946 -0.50756879 -0.70373729,-0.11794257 -0.22214221 -0.96785453,
  -0.74855609 -0.43853871 -0.49734052,-0.35172639 -0.3634024 -0.86268606,
  -0.93262497 -0.25293049 -0.25736518,-0.61796582 -0.38287355 -0.68667757,
  -0.1953018 -0.21178778 -0.95760281,-0.83655183 -0.22985529 -0.49734052,
  -0.45578037 -0.25622687 -0.85241542,-0.96630977 -0.0029309883 -0.25736518,
  -0.66979349 -0.19686963 -0.71597418,-0.21321237 -0.13340951 -0.96785453,
  -0.86753794 -0.005507618 -0.49734052,-0.46600565 -0.11574523 -0.8771783,
  -0.93414216 0.24726826 -0.25736518,-0.71042187 -0.0073887986 -0.70373729,
  -0.27503022 -0.0857627 -0.95760281,-0.83940278 0.21921539 -0.49734052,
  -0.50567242 -0.0082561864 -0.86268606,-0.85523763 0.46296965 -0.23286842,
  -0.6881272 0.17673368 -0.70373729,-0.26722634 -0.01241435 -0.96355382,
  -0.75255776 0.45033234 -0.48047644,-0.51169103 0.11858131 -0.85094698,
  -0.69341 0.66603033 -0.2749294,-0.61893779 0.34881205 -0.70373729,
  -0.2775679 0.072388968 -0.9579749,-0.5895523 0.61727034 -0.52096585,
  -0.44908883 0.23327816 -0.86249668,-0.4856932 0.83538332 -0.25736518,
  -0.50756879 0.49711946 -0.70373729,-0.21321237 0.13340951 -0.96785453,
  -0.46169881 0.74857007 -0.47589606,-0.35665394 0.33757002 -0.87111678,
  -0.2527246 0.94318106 -0.21573078,-0.35333812 0.63210038 -0.68963852,
  -0.1830127 0.1830127 -0.96592583,-0.22473696 0.83872976 -0.49600977,
  -0.25998628 0.43379707 -0.86268606,-0.1830127 0.6830127 -0.70710678,
  -0.14436431 0.22521762 -0.96355382,-0.13995203 0.5223081 -0.8411942,
  -0.076093262 0.27657533 -0.9579749] }
}
}
DEF SHAPE_165 Shape {
 appearance USE APP_2
 geometry DEF FACE_165 IndexedFaceSet {
  coord DEF COORD_165 Coordinate { point [
  -2.7165354 1.1023622 0.019685039,-2.7674841 1.0956547 0.019685039,
  -2.8149606 1.0759893 0.019685039,-2.8557297 1.0447061 0.019685039,
  -2.8870129 1.003937 0.019685039,-2.9066783 0.95646044 0.019685039,
  -2.9133858 0.90551181 0.019685039,-2.9066783 0.85456318 0.019685039,
  -2.8870129 0.80708661 0.019685039,-2.8557297 0.76631756 0.019685039,
  -2.8149606 0.73503437 0.019685039,-2.7674841 0.71536893 0.019685039,
  -2.7165354 0.70866142 0.019685039,-2.6655868 0.71536893 0.019685039,
  -2.6181102 0.73503437 0.019685039,-2.5773412 0.76631756 0.019685039,
  -2.546058 0.80708661 0.019685039,-2.5263926 0.85456318 0.019685039,
  -2.519685 0.90551181 0.019685039,-2.5263926 0.95646044 0.019685039,
  -2.546058 1.003937 0.019685039,-2.5773412 1.0447061 0.019685039,
  -2.6181102 1.0759893 0.019685039,-2.6655868 1.0956547 0.019685039] }
 coordIndex [
  4,5,6,-1,3,0,1,-1,3,1,2,-1,3,6,7,-1,3,7,8,-1,3,8,9,-1,3,9,10,-1,3,10,11,-1,
  3,11,12,-1,3,12,13,-1,3,13,14,-1,3,14,15,-1,3,15,16,-1,3,16,17,-1,3,17,18,-1,3,18,19,-1,
  3,19,20,-1,3,20,21,-1,3,21,22,-1,3,22,23,-1,3,23,0,-1,3,4,6,-1]
  normalPerVertex TRUE
  normal DEF NORM_165 Normal { vector [
  0 0 1,0 0 1,
  0 0 1,0 0 1,
  0 0 1,0 0 1,
  0 0 1,0 0 1,
  0 0 1,0 0 1,
  0 0 1,0 0 1,
  0 0 1,0 0 1,
  0 0 1,0 0 1,
  0 0 1,0 0 1,
  0 0 1,0 0 1,
  0 0 1,0 0 1,
  0 0 1,0 0 1] }
}
}
DEF SHAPE_166 Shape {
 appearance USE APP_2
 geometry DEF FACE_166 IndexedFaceSet {
  coord DEF COORD_166 Coordinate { point [
  -2.7165354 1.003937 -0.41338583,-2.7420097 1.0005833 -0.41338583,
  -2.765748 0.99075053 -0.41338583,-2.7861326 0.97510894 -0.41338583,
  -2.8017742 0.95472441 -0.41338583,-2.8116069 0.93098613 -0.41338583,
  -2.8149606 0.90551181 -0.41338583,-2.8116069 0.8800375 -0.41338583,
  -2.8017742 0.85629921 -0.41338583,-2.7861326 0.83591469 -0.41338583,
  -2.765748 0.82027309 -0.41338583,-2.7420097 0.81044037 -0.41338583,
  -2.7165354 0.80708661 -0.41338583,-2.6910611 0.81044037 -0.41338583,
  -2.6673228 0.82027309 -0.41338583,-2.6469383 0.83591469 -0.41338583,
  -2.6312967 0.85629921 -0.41338583,-2.621464 0.8800375 -0.41338583,
  -2.6181102 0.90551181 -0.41338583,-2.621464 0.93098613 -0.41338583,
  -2.6312967 0.95472441 -0.41338583,-2.6469383 0.97510894 -0.41338583,
  -2.6673228 0.99075053 -0.41338583,-2.6910611 1.0005833 -0.41338583] }
 coordIndex [
  3,1,0,-1,3,2,1,-1,3,5,4,-1,3,6,5,-1,3,7,6,-1,3,8,7,-1,3,9,8,-1,3,10,9,-1,
  3,11,10,-1,3,12,11,-1,3,13,12,-1,3,14,13,-1,3,15,14,-1,3,16,15,-1,3,17,16,-1,3,18,17,-1,
  3,19,18,-1,3,20,19,-1,3,21,20,-1,3,22,21,-1,3,23,22,-1,3,0,23,-1]
  normalPerVertex TRUE
  normal DEF NORM_166 Normal { vector [
  0 0 -1,0 0 -1,
  0 0 -1,0 0 -1,
  0 0 -1,0 0 -1,
  0 0 -1,0 0 -1,
  0 0 -1,0 0 -1,
  0 0 -1,0 0 -1,
  0 0 -1,0 0 -1,
  0 0 -1,0 0 -1,
  0 0 -1,0 0 -1,
  0 0 -1,0 0 -1,
  0 0 -1,0 0 -1,
  0 0 -1,0 0 -1] }
}
}
] }
DEF TXFM_11 Transform {
  center 0 0 0
  rotation 0 0 1 0
  scale 1 1 1
  scaleOrientation 0 0 1 0
  translation 0 0 0
 children [
DEF SHAPE_167 Shape {
 appearance DEF APP_4 Appearance {
  material Material {
   ambientIntensity 0.122244
   diffuseColor 0.824 0.81999999 0.78100002
   emissiveColor 0 0 0
   shininess 0.1
   specularColor 0.12 0.12 0.12
   transparency 0
} }
 geometry DEF FACE_167 IndexedFaceSet {
  coord DEF COORD_167 Coordinate { point [
  -3.1102362 -1.496063 0.23425197,-3.1102362 -1.2598425 0.23425197,
  -3.1102362 -1.2598425 0.13582677,-3.1102362 -1.496063 0.13582677] }
 coordIndex [
  0,2,1,-1,0,3,2,-1]
  normalPerVertex TRUE
  normal DEF NORM_167 Normal { vector [
  1 0 0,1 0 0,
  1 0 0,1 0 0] }
}
}
DEF SHAPE_168 Shape {
 appearance USE APP_4
 geometry DEF FACE_168 IndexedFaceSet {
  coord DEF COORD_168 Coordinate { point [
  -3.1102362 -1.496063 0.23425197,-3.3464567 -1.496063 0.23425197,
  -3.1102362 -1.2598425 0.23425197,-3.3464567 -1.2598425 0.23425197] }
 coordIndex [
  3,1,0,-1,3,0,2,-1]
  normalPerVertex TRUE
  normal DEF NORM_168 Normal { vector [
  0 0 1,0 0 1,
  0 0 1,0 0 1] }
}
}
DEF SHAPE_169 Shape {
 appearance USE APP_4
 geometry DEF FACE_169 IndexedFaceSet {
  coord DEF COORD_169 Coordinate { point [
  -3.1102362 -1.2598425 0.23425197,-3.3464567 -1.2598425 0.23425197,
  -3.1102362 -1.2598425 0.13582677,-3.3464567 -1.2598425 0.13582677] }
 coordIndex [
  3,1,0,-1,3,0,2,-1]
  normalPerVertex TRUE
  normal DEF NORM_169 Normal { vector [
  0 1 0,0 1 0,
  0 1 0,0 1 0] }
}
}
DEF SHAPE_170 Shape {
 appearance USE APP_4
 geometry DEF FACE_170 IndexedFaceSet {
  coord DEF COORD_170 Coordinate { point [
  -3.1102362 -1.2598425 0.13582677,-3.3464567 -1.2598425 0.13582677,
  -3.1102362 -1.496063 0.13582677,-3.3464567 -1.496063 0.13582677] }
 coordIndex [
  3,1,0,-1,3,0,2,-1]
  normalPerVertex TRUE
  normal DEF NORM_170 Normal { vector [
  0 0 -1,0 0 -1,
  0 0 -1,0 0 -1] }
}
}
DEF SHAPE_171 Shape {
 appearance USE APP_4
 geometry DEF FACE_171 IndexedFaceSet {
  coord DEF COORD_171 Coordinate { point [
  -3.1102362 -1.496063 0.13582677,-3.3464567 -1.496063 0.13582677,
  -3.1102362 -1.496063 0.23425197,-3.3464567 -1.496063 0.23425197] }
 coordIndex [
  3,1,0,-1,3,0,2,-1]
  normalPerVertex TRUE
  normal DEF NORM_171 Normal { vector [
  0 -1 0,0 -1 0,
  0 -1 0,0 -1 0] }
}
}
DEF SHAPE_172 Shape {
 appearance USE APP_4
 geometry DEF FACE_172 IndexedFaceSet {
  coord DEF COORD_172 Coordinate { point [
  -3.3464567 -1.496063 0.23425197,-3.3464567 -1.2598425 0.23425197,
  -3.3789851 -1.2598425 0.23105966,-3.4102724 -1.2598425 0.22160456,
  -3.4391246 -1.2598425 0.20624744,-3.4391246 -1.496063 0.20624744,
  -3.3789851 -1.496063 0.23105966,-3.4102724 -1.496063 0.22160456] }
 coordIndex [
  3,4,5,-1,3,5,7,-1,2,7,6,-1,2,3,7,-1,1,6,0,-1,1,2,6,-1]
  normalPerVertex TRUE
  normal DEF NORM_172 Normal { vector [
  -0.097669632 0 0.99521889,-0.097669632 0 0.99521889,
  -0.22637306 0 0.97404068,-0.41141285 0 0.9114491,
  -0.46985626 0 0.88274294,-0.46985626 0 0.88274294,
  -0.16222972 0 0.98675302,-0.35096463 0 0.93638872] }
}
}
DEF SHAPE_173 Shape {
 appearance USE APP_4
 geometry DEF FACE_173 IndexedFaceSet {
  coord DEF COORD_173 Coordinate { point [
  -3.3464567 -1.2598425 0.23425197,-3.3789851 -1.2598425 0.23105966,
  -3.4102724 -1.2598425 0.22160456,-3.4391246 -1.2598425 0.20624744,
  -3.3846141 -1.2598425 0.1242955,-3.3464567 -1.2598425 0.13582677,
  -3.3598508 -1.2598425 0.13451229,-3.3727337 -1.2598425 0.13061902] }
 coordIndex [
  5,1,0,-1,6,2,1,-1,6,1,5,-1,7,3,2,-1,7,2,6,-1,4,3,7,-1]
  normalPerVertex TRUE
  normal DEF NORM_173 Normal { vector [
  0 1 0,0 1 0,
  0 1 0,0 1 0,
  0 1 0,0 1 0,
  0 1 0,0 1 0] }
}
}
DEF SHAPE_174 Shape {
 appearance USE APP_4
 geometry DEF FACE_174 IndexedFaceSet {
  coord DEF COORD_174 Coordinate { point [
  -3.3464567 -1.2598425 0.13582677,-3.3598508 -1.2598425 0.13451229,
  -3.3727337 -1.2598425 0.13061902,-3.3846141 -1.2598425 0.1242955,
  -3.3846141 -1.496063 0.1242955,-3.3464567 -1.496063 0.13582677,
  -3.3598508 -1.496063 0.13451229,-3.3727337 -1.496063 0.13061902] }
 coordIndex [
  6,1,0,-1,6,0,5,-1,7,2,1,-1,7,1,6,-1,4,3,2,-1,4,2,7,-1]
  normalPerVertex TRUE
  normal DEF NORM_174 Normal { vector [
  0.097669632 0 -0.99521889,0.22637306 0 -0.97404068,
  0.41141285 0 -0.9114491,0.46985626 0 -0.88274294,
  0.46985626 0 -0.88274294,0.097669632 0 -0.99521889,
  0.16222972 0 -0.98675302,0.35096463 0 -0.93638872] }
}
}
DEF SHAPE_175 Shape {
 appearance USE APP_4
 geometry DEF FACE_175 IndexedFaceSet {
  coord DEF COORD_175 Coordinate { point [
  -3.3464567 -1.496063 0.13582677,-3.3598508 -1.496063 0.13451229,
  -3.3727337 -1.496063 0.13061902,-3.3846141 -1.496063 0.1242955,
  -3.4391246 -1.496063 0.20624744,-3.3464567 -1.496063 0.23425197,
  -3.3789851 -1.496063 0.23105966,-3.4102724 -1.496063 0.22160456] }
 coordIndex [
  6,1,0,-1,6,0,5,-1,7,2,1,-1,7,3,2,-1,7,1,6,-1,4,3,7,-1]
  normalPerVertex TRUE
  normal DEF NORM_175 Normal { vector [
  0 -1 0,0 -1 0,
  0 -1 0,0 -1 0,
  0 -1 0,0 -1 0,
  0 -1 0,0 -1 0] }
}
}
DEF SHAPE_176 Shape {
 appearance USE APP_4
 geometry DEF FACE_176 IndexedFaceSet {
  coord DEF COORD_176 Coordinate { point [
  -3.4391246 -1.496063 0.20624744,-3.5838899 -1.496063 0.10995647,
  -3.4391246 -1.2598425 0.20624744,-3.5838899 -1.2598425 0.10995647] }
 coordIndex [
  3,1,0,-1,3,0,2,-1]
  normalPerVertex TRUE
  normal DEF NORM_176 Normal { vector [
  -0.553827 0 0.83263176,-0.553827 0 0.83263176,
  -0.553827 0 0.83263176,-0.553827 0 0.83263176] }
}
}
DEF SHAPE_177 Shape {
 appearance USE APP_4
 geometry DEF FACE_177 IndexedFaceSet {
  coord DEF COORD_177 Coordinate { point [
  -3.4391246 -1.2598425 0.20624744,-3.5838899 -1.2598425 0.10995647,
  -3.3846141 -1.2598425 0.1242955,-3.5293793 -1.2598425 0.028004528] }
 coordIndex [
  1,0,2,-1,3,1,2,-1]
  normalPerVertex TRUE
  normal DEF NORM_177 Normal { vector [
  0 1 0,0 1 0,
  0 1 0,0 1 0] }
}
}
DEF SHAPE_178 Shape {
 appearance USE APP_4
 geometry DEF FACE_178 IndexedFaceSet {
  coord DEF COORD_178 Coordinate { point [
  -3.3846141 -1.2598425 0.1242955,-3.5293793 -1.2598425 0.028004528,
  -3.3846141 -1.496063 0.1242955,-3.5293793 -1.496063 0.028004528] }
 coordIndex [
  3,1,0,-1,3,0,2,-1]
  normalPerVertex TRUE
  normal DEF NORM_178 Normal { vector [
  0.553827 0 -0.83263176,0.553827 0 -0.83263176,
  0.553827 0 -0.83263176,0.553827 0 -0.83263176] }
}
}
DEF SHAPE_179 Shape {
 appearance USE APP_4
 geometry DEF FACE_179 IndexedFaceSet {
  coord DEF COORD_179 Coordinate { point [
  -3.3846141 -1.496063 0.1242955,-3.5293793 -1.496063 0.028004528,
  -3.4391246 -1.496063 0.20624744,-3.5838899 -1.496063 0.10995647] }
 coordIndex [
  3,1,0,-1,3,0,2,-1]
  normalPerVertex TRUE
  normal DEF NORM_179 Normal { vector [
  0 -1 0,0 -1 0,
  0 -1 0,0 -1 0] }
}
}
DEF SHAPE_180 Shape {
 appearance USE APP_4
 geometry DEF FACE_180 IndexedFaceSet {
  coord DEF COORD_180 Coordinate { point [
  -3.5838899 -1.496063 0.10995647,-3.5957702 -1.496063 0.10363295,
  -3.6086532 -1.496063 0.099739675,-3.6220472 -1.496063 0.098425197,
  -3.6220472 -1.2598425 0.098425197,-3.5838899 -1.2598425 0.10995647,
  -3.5957702 -1.2598425 0.10363295,-3.6086532 -1.2598425 0.099739675] }
 coordIndex [
  6,1,0,-1,6,2,1,-1,6,0,5,-1,7,3,2,-1,7,2,6,-1,4,3,7,-1]
  normalPerVertex TRUE
  normal DEF NORM_180 Normal { vector [
  -0.46985626 0 0.88274294,-0.38139264 0 0.92441314,
  -0.22637306 0 0.97404068,-0.097669632 0 0.99521889,
  -0.097669632 0 0.99521889,-0.46985626 0 0.88274294,
  -0.38139264 0 0.92441314,-0.16222972 0 0.98675302] }
}
}
DEF SHAPE_181 Shape {
 appearance USE APP_4
 geometry DEF FACE_181 IndexedFaceSet {
  coord DEF COORD_181 Coordinate { point [
  -3.5838899 -1.2598425 0.10995647,-3.5957702 -1.2598425 0.10363295,
  -3.6086532 -1.2598425 0.099739675,-3.6220472 -1.2598425 0.098425197,
  -3.6220472 -1.2598425 0,-3.5293793 -1.2598425 0.028004528,
  -3.5582315 -1.2598425 0.012647408,-3.5895188 -1.2598425 0.0031923045] }
 coordIndex [
  5,1,0,-1,6,2,1,-1,6,1,5,-1,7,3,2,-1,7,2,6,-1,4,3,7,-1]
  normalPerVertex TRUE
  normal DEF NORM_181 Normal { vector [
  0 1 0,0 1 0,
  0 1 0,0 1 0,
  0 1 0,0 1 0,
  0 1 0,0 1 0] }
}
}
DEF SHAPE_182 Shape {
 appearance USE APP_4
 geometry DEF FACE_182 IndexedFaceSet {
  coord DEF COORD_182 Coordinate { point [
  -3.5293793 -1.2598425 0.028004528,-3.5293793 -1.496063 0.028004528,
  -3.5582315 -1.496063 0.012647408,-3.5895188 -1.496063 0.0031923045,
  -3.6220472 -1.496063 0,-3.6220472 -1.2598425 0,
  -3.5582315 -1.2598425 0.012647408,-3.5895188 -1.2598425 0.0031923045] }
 coordIndex [
  4,5,7,-1,3,4,7,-1,2,7,6,-1,2,3,7,-1,1,6,0,-1,1,2,6,-1]
  normalPerVertex TRUE
  normal DEF NORM_182 Normal { vector [
  0.46985626 0 -0.88274294,0.46985626 0 -0.88274294,
  0.35096463 0 -0.93638872,0.19440533 0 -0.98092129,
  0.097669632 0 -0.99521889,0.097669632 0 -0.99521889,
  0.41141285 0 -0.9114491,0.19440533 0 -0.98092129] }
}
}
DEF SHAPE_183 Shape {
 appearance USE APP_4
 geometry DEF FACE_183 IndexedFaceSet {
  coord DEF COORD_183 Coordinate { point [
  -3.5293793 -1.496063 0.028004528,-3.5582315 -1.496063 0.012647408,
  -3.5895188 -1.496063 0.0031923045,-3.6220472 -1.496063 0,
  -3.6220472 -1.496063 0.098425197,-3.5838899 -1.496063 0.10995647,
  -3.5957702 -1.496063 0.10363295,-3.6086532 -1.496063 0.099739675] }
 coordIndex [
  6,1,0,-1,6,0,5,-1,7,2,1,-1,7,1,6,-1,4,3,2,-1,4,2,7,-1]
  normalPerVertex TRUE
  normal DEF NORM_183 Normal { vector [
  0 -1 0,0 -1 0,
  0 -1 0,0 -1 0,
  0 -1 0,0 -1 0,
  0 -1 0,0 -1 0] }
}
}
DEF SHAPE_184 Shape {
 appearance USE APP_4
 geometry DEF FACE_184 IndexedFaceSet {
  coord DEF COORD_184 Coordinate { point [
  -3.6220472 -1.496063 0.098425197,-4.0944882 -1.496063 0.098425197,
  -3.6220472 -1.2598425 0.098425197,-4.0944882 -1.2598425 0.098425197] }
 coordIndex [
  3,1,0,-1,3,0,2,-1]
  normalPerVertex TRUE
  normal DEF NORM_184 Normal { vector [
  0 0 1,0 0 1,
  0 0 1,0 0 1] }
}
}
DEF SHAPE_185 Shape {
 appearance USE APP_4
 geometry DEF FACE_185 IndexedFaceSet {
  coord DEF COORD_185 Coordinate { point [
  -4.0944882 -1.496063 0.098425197,-4.0944882 -1.2598425 0.098425197,
  -4.0944882 -1.2598425 0,-4.0944882 -1.496063 0] }
 coordIndex [
  3,0,1,-1,3,1,2,-1]
  normalPerVertex TRUE
  normal DEF NORM_185 Normal { vector [
  -1 0 0,-1 0 0,
  -1 0 0,-1 0 0] }
}
}
DEF SHAPE_186 Shape {
 appearance USE APP_4
 geometry DEF FACE_186 IndexedFaceSet {
  coord DEF COORD_186 Coordinate { point [
  -3.6220472 -1.2598425 0.098425197,-4.0944882 -1.2598425 0.098425197,
  -3.6220472 -1.2598425 0,-4.0944882 -1.2598425 0] }
 coordIndex [
  1,0,2,-1,3,1,2,-1]
  normalPerVertex TRUE
  normal DEF NORM_186 Normal { vector [
  0 1 0,0 1 0,
  0 1 0,0 1 0] }
}
}
DEF SHAPE_187 Shape {
 appearance USE APP_4
 geometry DEF FACE_187 IndexedFaceSet {
  coord DEF COORD_187 Coordinate { point [
  -3.6220472 -1.2598425 0,-4.0944882 -1.2598425 0,
  -3.6220472 -1.496063 0,-4.0944882 -1.496063 0] }
 coordIndex [
  3,1,0,-1,3,0,2,-1]
  normalPerVertex TRUE
  normal DEF NORM_187 Normal { vector [
  0 0 -1,0 0 -1,
  0 0 -1,0 0 -1] }
}
}
DEF SHAPE_188 Shape {
 appearance USE APP_4
 geometry DEF FACE_188 IndexedFaceSet {
  coord DEF COORD_188 Coordinate { point [
  -3.6220472 -1.496063 0,-4.0944882 -1.496063 0,
  -3.6220472 -1.496063 0.098425197,-4.0944882 -1.496063 0.098425197] }
 coordIndex [
  3,1,0,-1,3,0,2,-1]
  normalPerVertex TRUE
  normal DEF NORM_188 Normal { vector [
  0 -1 0,0 -1 0,
  0 -1 0,0 -1 0] }
}
}
] }
DEF TXFM_12 Transform {
  center 0 0 0
  rotation 0 0 1 0
  scale 1 1 1
  scaleOrientation 0 0 1 0
  translation 0 0 0
 children [
DEF SHAPE_189 Shape {
 appearance USE APP_4
 geometry DEF FACE_189 IndexedFaceSet {
  coord DEF COORD_189 Coordinate { point [
  -3.1102362 -0.51181102 0.23425197,-3.1102362 -0.27559055 0.23425197,
  -3.1102362 -0.27559055 0.13582677,-3.1102362 -0.51181102 0.13582677] }
 coordIndex [
  0,2,1,-1,0,3,2,-1]
  normalPerVertex TRUE
  normal DEF NORM_189 Normal { vector [
  1 0 0,1 0 0,
  1 0 0,1 0 0] }
}
}
DEF SHAPE_190 Shape {
 appearance USE APP_4
 geometry DEF FACE_190 IndexedFaceSet {
  coord DEF COORD_190 Coordinate { point [
  -3.1102362 -0.51181102 0.23425197,-3.3464567 -0.51181102 0.23425197,
  -3.1102362 -0.27559055 0.23425197,-3.3464567 -0.27559055 0.23425197] }
 coordIndex [
  3,1,0,-1,3,0,2,-1]
  normalPerVertex TRUE
  normal DEF NORM_190 Normal { vector [
  0 0 1,0 0 1,
  0 0 1,0 0 1] }
}
}
DEF SHAPE_191 Shape {
 appearance USE APP_4
 geometry DEF FACE_191 IndexedFaceSet {
  coord DEF COORD_191 Coordinate { point [
  -3.1102362 -0.27559055 0.23425197,-3.3464567 -0.27559055 0.23425197,
  -3.1102362 -0.27559055 0.13582677,-3.3464567 -0.27559055 0.13582677] }
 coordIndex [
  3,1,0,-1,3,0,2,-1]
  normalPerVertex TRUE
  normal DEF NORM_191 Normal { vector [
  0 1 0,0 1 0,
  0 1 0,0 1 0] }
}
}
DEF SHAPE_192 Shape {
 appearance USE APP_4
 geometry DEF FACE_192 IndexedFaceSet {
  coord DEF COORD_192 Coordinate { point [
  -3.1102362 -0.27559055 0.13582677,-3.3464567 -0.27559055 0.13582677,
  -3.1102362 -0.51181102 0.13582677,-3.3464567 -0.51181102 0.13582677] }
 coordIndex [
  3,1,0,-1,3,0,2,-1]
  normalPerVertex TRUE
  normal DEF NORM_192 Normal { vector [
  0 0 -1,0 0 -1,
  0 0 -1,0 0 -1] }
}
}
DEF SHAPE_193 Shape {
 appearance USE APP_4
 geometry DEF FACE_193 IndexedFaceSet {
  coord DEF COORD_193 Coordinate { point [
  -3.1102362 -0.51181102 0.13582677,-3.3464567 -0.51181102 0.13582677,
  -3.1102362 -0.51181102 0.23425197,-3.3464567 -0.51181102 0.23425197] }
 coordIndex [
  3,1,0,-1,3,0,2,-1]
  normalPerVertex TRUE
  normal DEF NORM_193 Normal { vector [
  0 -1 0,0 -1 0,
  0 -1 0,0 -1 0] }
}
}
DEF SHAPE_194 Shape {
 appearance USE APP_4
 geometry DEF FACE_194 IndexedFaceSet {
  coord DEF COORD_194 Coordinate { point [
  -3.3464567 -0.51181102 0.23425197,-3.3464567 -0.27559055 0.23425197,
  -3.3789851 -0.27559055 0.23105966,-3.4102724 -0.27559055 0.22160456,
  -3.4391246 -0.27559055 0.20624744,-3.4391246 -0.51181102 0.20624744,
  -3.3789851 -0.51181102 0.23105966,-3.4102724 -0.51181102 0.22160456] }
 coordIndex [
  3,4,5,-1,3,5,7,-1,2,7,6,-1,2,3,7,-1,1,6,0,-1,1,2,6,-1]
  normalPerVertex TRUE
  normal DEF NORM_194 Normal { vector [
  -0.097669632 0 0.99521889,-0.097669632 0 0.99521889,
  -0.22637306 0 0.97404068,-0.41141285 0 0.9114491,
  -0.46985626 0 0.88274294,-0.46985626 0 0.88274294,
  -0.16222972 0 0.98675302,-0.35096463 0 0.93638872] }
}
}
DEF SHAPE_195 Shape {
 appearance USE APP_4
 geometry DEF FACE_195 IndexedFaceSet {
  coord DEF COORD_195 Coordinate { point [
  -3.3464567 -0.27559055 0.23425197,-3.3789851 -0.27559055 0.23105966,
  -3.4102724 -0.27559055 0.22160456,-3.4391246 -0.27559055 0.20624744,
  -3.3846141 -0.27559055 0.1242955,-3.3464567 -0.27559055 0.13582677,
  -3.3598508 -0.27559055 0.13451229,-3.3727337 -0.27559055 0.13061902] }
 coordIndex [
  5,1,0,-1,6,2,1,-1,6,1,5,-1,7,3,2,-1,7,2,6,-1,4,3,7,-1]
  normalPerVertex TRUE
  normal DEF NORM_195 Normal { vector [
  0 1 0,0 1 0,
  0 1 0,0 1 0,
  0 1 0,0 1 0,
  0 1 0,0 1 0] }
}
}
DEF SHAPE_196 Shape {
 appearance USE APP_4
 geometry DEF FACE_196 IndexedFaceSet {
  coord DEF COORD_196 Coordinate { point [
  -3.3464567 -0.27559055 0.13582677,-3.3598508 -0.27559055 0.13451229,
  -3.3727337 -0.27559055 0.13061902,-3.3846141 -0.27559055 0.1242955,
  -3.3846141 -0.51181102 0.1242955,-3.3464567 -0.51181102 0.13582677,
  -3.3598508 -0.51181102 0.13451229,-3.3727337 -0.51181102 0.13061902] }
 coordIndex [
  6,1,0,-1,6,0,5,-1,7,2,1,-1,7,1,6,-1,4,3,2,-1,4,2,7,-1]
  normalPerVertex TRUE
  normal DEF NORM_196 Normal { vector [
  0.097669632 0 -0.99521889,0.22637306 0 -0.97404068,
  0.41141285 0 -0.9114491,0.46985626 0 -0.88274294,
  0.46985626 0 -0.88274294,0.097669632 0 -0.99521889,
  0.16222972 0 -0.98675302,0.35096463 0 -0.93638872] }
}
}
DEF SHAPE_197 Shape {
 appearance USE APP_4
 geometry DEF FACE_197 IndexedFaceSet {
  coord DEF COORD_197 Coordinate { point [
  -3.3464567 -0.51181102 0.13582677,-3.3598508 -0.51181102 0.13451229,
  -3.3727337 -0.51181102 0.13061902,-3.3846141 -0.51181102 0.1242955,
  -3.4391246 -0.51181102 0.20624744,-3.3464567 -0.51181102 0.23425197,
  -3.3789851 -0.51181102 0.23105966,-3.4102724 -0.51181102 0.22160456] }
 coordIndex [
  6,1,0,-1,6,0,5,-1,7,2,1,-1,7,3,2,-1,7,1,6,-1,4,3,7,-1]
  normalPerVertex TRUE
  normal DEF NORM_197 Normal { vector [
  0 -1 0,0 -1 0,
  0 -1 0,0 -1 0,
  0 -1 0,0 -1 0,
  0 -1 0,0 -1 0] }
}
}
DEF SHAPE_198 Shape {
 appearance USE APP_4
 geometry DEF FACE_198 IndexedFaceSet {
  coord DEF COORD_198 Coordinate { point [
  -3.4391246 -0.51181102 0.20624744,-3.5838899 -0.51181102 0.10995647,
  -3.4391246 -0.27559055 0.20624744,-3.5838899 -0.27559055 0.10995647] }
 coordIndex [
  3,1,0,-1,3,0,2,-1]
  normalPerVertex TRUE
  normal DEF NORM_198 Normal { vector [
  -0.553827 0 0.83263176,-0.553827 0 0.83263176,
  -0.553827 0 0.83263176,-0.553827 0 0.83263176] }
}
}
DEF SHAPE_199 Shape {
 appearance USE APP_4
 geometry DEF FACE_199 IndexedFaceSet {
  coord DEF COORD_199 Coordinate { point [
  -3.4391246 -0.27559055 0.20624744,-3.5838899 -0.27559055 0.10995647,
  -3.3846141 -0.27559055 0.1242955,-3.5293793 -0.27559055 0.028004528] }
 coordIndex [
  1,0,2,-1,3,1,2,-1]
  normalPerVertex TRUE
  normal DEF NORM_199 Normal { vector [
  0 1 0,0 1 0,
  0 1 0,0 1 0] }
}
}
DEF SHAPE_200 Shape {
 appearance USE APP_4
 geometry DEF FACE_200 IndexedFaceSet {
  coord DEF COORD_200 Coordinate { point [
  -3.3846141 -0.27559055 0.1242955,-3.5293793 -0.27559055 0.028004528,
  -3.3846141 -0.51181102 0.1242955,-3.5293793 -0.51181102 0.028004528] }
 coordIndex [
  3,1,0,-1,3,0,2,-1]
  normalPerVertex TRUE
  normal DEF NORM_200 Normal { vector [
  0.553827 0 -0.83263176,0.553827 0 -0.83263176,
  0.553827 0 -0.83263176,0.553827 0 -0.83263176] }
}
}
DEF SHAPE_201 Shape {
 appearance USE APP_4
 geometry DEF FACE_201 IndexedFaceSet {
  coord DEF COORD_201 Coordinate { point [
  -3.3846141 -0.51181102 0.1242955,-3.5293793 -0.51181102 0.028004528,
  -3.4391246 -0.51181102 0.20624744,-3.5838899 -0.51181102 0.10995647] }
 coordIndex [
  3,1,0,-1,3,0,2,-1]
  normalPerVertex TRUE
  normal DEF NORM_201 Normal { vector [
  0 -1 0,0 -1 0,
  0 -1 0,0 -1 0] }
}
}
DEF SHAPE_202 Shape {
 appearance USE APP_4
 geometry DEF FACE_202 IndexedFaceSet {
  coord DEF COORD_202 Coordinate { point [
  -3.5838899 -0.51181102 0.10995647,-3.5957702 -0.51181102 0.10363295,
  -3.6086532 -0.51181102 0.099739675,-3.6220472 -0.51181102 0.098425197,
  -3.6220472 -0.27559055 0.098425197,-3.5838899 -0.27559055 0.10995647,
  -3.5957702 -0.27559055 0.10363295,-3.6086532 -0.27559055 0.099739675] }
 coordIndex [
  6,1,0,-1,6,2,1,-1,6,0,5,-1,7,3,2,-1,7,2,6,-1,4,3,7,-1]
  normalPerVertex TRUE
  normal DEF NORM_202 Normal { vector [
  -0.46985626 0 0.88274294,-0.38139264 0 0.92441314,
  -0.22637306 0 0.97404068,-0.097669632 0 0.99521889,
  -0.097669632 0 0.99521889,-0.46985626 0 0.88274294,
  -0.38139264 0 0.92441314,-0.16222972 0 0.98675302] }
}
}
DEF SHAPE_203 Shape {
 appearance USE APP_4
 geometry DEF FACE_203 IndexedFaceSet {
  coord DEF COORD_203 Coordinate { point [
  -3.5838899 -0.27559055 0.10995647,-3.5957702 -0.27559055 0.10363295,
  -3.6086532 -0.27559055 0.099739675,-3.6220472 -0.27559055 0.098425197,
  -3.6220472 -0.27559055 0,-3.5293793 -0.27559055 0.028004528,
  -3.5582315 -0.27559055 0.012647408,-3.5895188 -0.27559055 0.0031923045] }
 coordIndex [
  5,1,0,-1,6,2,1,-1,6,1,5,-1,7,3,2,-1,7,2,6,-1,4,3,7,-1]
  normalPerVertex TRUE
  normal DEF NORM_203 Normal { vector [
  0 1 0,0 1 0,
  0 1 0,0 1 0,
  0 1 0,0 1 0,
  0 1 0,0 1 0] }
}
}
DEF SHAPE_204 Shape {
 appearance USE APP_4
 geometry DEF FACE_204 IndexedFaceSet {
  coord DEF COORD_204 Coordinate { point [
  -3.5293793 -0.27559055 0.028004528,-3.5293793 -0.51181102 0.028004528,
  -3.5582315 -0.51181102 0.012647408,-3.5895188 -0.51181102 0.0031923045,
  -3.6220472 -0.51181102 0,-3.6220472 -0.27559055 0,
  -3.5582315 -0.27559055 0.012647408,-3.5895188 -0.27559055 0.0031923045] }
 coordIndex [
  4,5,7,-1,3,4,7,-1,2,7,6,-1,2,3,7,-1,1,6,0,-1,1,2,6,-1]
  normalPerVertex TRUE
  normal DEF NORM_204 Normal { vector [
  0.46985626 0 -0.88274294,0.46985626 0 -0.88274294,
  0.35096463 0 -0.93638872,0.19440533 0 -0.98092129,
  0.097669632 0 -0.99521889,0.097669632 0 -0.99521889,
  0.41141285 0 -0.9114491,0.19440533 0 -0.98092129] }
}
}
DEF SHAPE_205 Shape {
 appearance USE APP_4
 geometry DEF FACE_205 IndexedFaceSet {
  coord DEF COORD_205 Coordinate { point [
  -3.5293793 -0.51181102 0.028004528,-3.5582315 -0.51181102 0.012647408,
  -3.5895188 -0.51181102 0.0031923045,-3.6220472 -0.51181102 0,
  -3.6220472 -0.51181102 0.098425197,-3.5838899 -0.51181102 0.10995647,
  -3.5957702 -0.51181102 0.10363295,-3.6086532 -0.51181102 0.099739675] }
 coordIndex [
  6,1,0,-1,6,0,5,-1,7,2,1,-1,7,1,6,-1,4,3,2,-1,4,2,7,-1]
  normalPerVertex TRUE
  normal DEF NORM_205 Normal { vector [
  0 -1 0,0 -1 0,
  0 -1 0,0 -1 0,
  0 -1 0,0 -1 0,
  0 -1 0,0 -1 0] }
}
}
DEF SHAPE_206 Shape {
 appearance USE APP_4
 geometry DEF FACE_206 IndexedFaceSet {
  coord DEF COORD_206 Coordinate { point [
  -3.6220472 -0.51181102 0.098425197,-4.0944882 -0.51181102 0.098425197,
  -3.6220472 -0.27559055 0.098425197,-4.0944882 -0.27559055 0.098425197] }
 coordIndex [
  3,1,0,-1,3,0,2,-1]
  normalPerVertex TRUE
  normal DEF NORM_206 Normal { vector [
  0 0 1,0 0 1,
  0 0 1,0 0 1] }
}
}
DEF SHAPE_207 Shape {
 appearance USE APP_4
 geometry DEF FACE_207 IndexedFaceSet {
  coord DEF COORD_207 Coordinate { point [
  -4.0944882 -0.51181102 0.098425197,-4.0944882 -0.27559055 0.098425197,
  -4.0944882 -0.27559055 0,-4.0944882 -0.51181102 0] }
 coordIndex [
  3,0,1,-1,3,1,2,-1]
  normalPerVertex TRUE
  normal DEF NORM_207 Normal { vector [
  -1 0 0,-1 0 0,
  -1 0 0,-1 0 0] }
}
}
DEF SHAPE_208 Shape {
 appearance USE APP_4
 geometry DEF FACE_208 IndexedFaceSet {
  coord DEF COORD_208 Coordinate { point [
  -3.6220472 -0.27559055 0.098425197,-4.0944882 -0.27559055 0.098425197,
  -3.6220472 -0.27559055 0,-4.0944882 -0.27559055 0] }
 coordIndex [
  1,0,2,-1,3,1,2,-1]
  normalPerVertex TRUE
  normal DEF NORM_208 Normal { vector [
  0 1 0,0 1 0,
  0 1 0,0 1 0] }
}
}
DEF SHAPE_209 Shape {
 appearance USE APP_4
 geometry DEF FACE_209 IndexedFaceSet {
  coord DEF COORD_209 Coordinate { point [
  -3.6220472 -0.27559055 0,-4.0944882 -0.27559055 0,
  -3.6220472 -0.51181102 0,-4.0944882 -0.51181102 0] }
 coordIndex [
  3,1,0,-1,3,0,2,-1]
  normalPerVertex TRUE
  normal DEF NORM_209 Normal { vector [
  0 0 -1,0 0 -1,
  0 0 -1,0 0 -1] }
}
}
DEF SHAPE_210 Shape {
 appearance USE APP_4
 geometry DEF FACE_210 IndexedFaceSet {
  coord DEF COORD_210 Coordinate { point [
  -3.6220472 -0.51181102 0,-4.0944882 -0.51181102 0,
  -3.6220472 -0.51181102 0.098425197,-4.0944882 -0.51181102 0.098425197] }
 coordIndex [
  3,1,0,-1,3,0,2,-1]
  normalPerVertex TRUE
  normal DEF NORM_210 Normal { vector [
  0 -1 0,0 -1 0,
  0 -1 0,0 -1 0] }
}
}
] }
DEF TXFM_13 Transform {
  center 0 0 0
  rotation 0 0 1 0
  scale 1 1 1
  scaleOrientation 0 0 1 0
  translation 0 0 0
 children [
DEF SHAPE_211 Shape {
 appearance USE APP_4
 geometry DEF FACE_211 IndexedFaceSet {
  coord DEF COORD_211 Coordinate { point [
  -3.1102362 0.27559055 0.23425197,-3.1102362 0.51181102 0.23425197,
  -3.1102362 0.51181102 0.13582677,-3.1102362 0.27559055 0.13582677] }
 coordIndex [
  0,2,1,-1,0,3,2,-1]
  normalPerVertex TRUE
  normal DEF NORM_211 Normal { vector [
  1 0 0,1 0 0,
  1 0 0,1 0 0] }
}
}
DEF SHAPE_212 Shape {
 appearance USE APP_4
 geometry DEF FACE_212 IndexedFaceSet {
  coord DEF COORD_212 Coordinate { point [
  -3.1102362 0.27559055 0.23425197,-3.3464567 0.27559055 0.23425197,
  -3.1102362 0.51181102 0.23425197,-3.3464567 0.51181102 0.23425197] }
 coordIndex [
  3,1,0,-1,3,0,2,-1]
  normalPerVertex TRUE
  normal DEF NORM_212 Normal { vector [
  0 0 1,0 0 1,
  0 0 1,0 0 1] }
}
}
DEF SHAPE_213 Shape {
 appearance USE APP_4
 geometry DEF FACE_213 IndexedFaceSet {
  coord DEF COORD_213 Coordinate { point [
  -3.1102362 0.51181102 0.23425197,-3.3464567 0.51181102 0.23425197,
  -3.1102362 0.51181102 0.13582677,-3.3464567 0.51181102 0.13582677] }
 coordIndex [
  3,1,0,-1,3,0,2,-1]
  normalPerVertex TRUE
  normal DEF NORM_213 Normal { vector [
  0 1 0,0 1 0,
  0 1 0,0 1 0] }
}
}
DEF SHAPE_214 Shape {
 appearance USE APP_4
 geometry DEF FACE_214 IndexedFaceSet {
  coord DEF COORD_214 Coordinate { point [
  -3.1102362 0.51181102 0.13582677,-3.3464567 0.51181102 0.13582677,
  -3.1102362 0.27559055 0.13582677,-3.3464567 0.27559055 0.13582677] }
 coordIndex [
  3,1,0,-1,3,0,2,-1]
  normalPerVertex TRUE
  normal DEF NORM_214 Normal { vector [
  0 0 -1,0 0 -1,
  0 0 -1,0 0 -1] }
}
}
DEF SHAPE_215 Shape {
 appearance USE APP_4
 geometry DEF FACE_215 IndexedFaceSet {
  coord DEF COORD_215 Coordinate { point [
  -3.1102362 0.27559055 0.13582677,-3.3464567 0.27559055 0.13582677,
  -3.1102362 0.27559055 0.23425197,-3.3464567 0.27559055 0.23425197] }
 coordIndex [
  3,1,0,-1,3,0,2,-1]
  normalPerVertex TRUE
  normal DEF NORM_215 Normal { vector [
  0 -1 0,0 -1 0,
  0 -1 0,0 -1 0] }
}
}
DEF SHAPE_216 Shape {
 appearance USE APP_4
 geometry DEF FACE_216 IndexedFaceSet {
  coord DEF COORD_216 Coordinate { point [
  -3.3464567 0.27559055 0.23425197,-3.3464567 0.51181102 0.23425197,
  -3.3789851 0.51181102 0.23105966,-3.4102724 0.51181102 0.22160456,
  -3.4391246 0.51181102 0.20624744,-3.4391246 0.27559055 0.20624744,
  -3.3789851 0.27559055 0.23105966,-3.4102724 0.27559055 0.22160456] }
 coordIndex [
  3,4,5,-1,3,5,7,-1,2,7,6,-1,2,3,7,-1,1,6,0,-1,1,2,6,-1]
  normalPerVertex TRUE
  normal DEF NORM_216 Normal { vector [
  -0.097669632 0 0.99521889,-0.097669632 0 0.99521889,
  -0.22637306 0 0.97404068,-0.41141285 0 0.9114491,
  -0.46985626 0 0.88274294,-0.46985626 0 0.88274294,
  -0.16222972 0 0.98675302,-0.35096463 0 0.93638872] }
}
}
DEF SHAPE_217 Shape {
 appearance USE APP_4
 geometry DEF FACE_217 IndexedFaceSet {
  coord DEF COORD_217 Coordinate { point [
  -3.3464567 0.51181102 0.23425197,-3.3789851 0.51181102 0.23105966,
  -3.4102724 0.51181102 0.22160456,-3.4391246 0.51181102 0.20624744,
  -3.3846141 0.51181102 0.1242955,-3.3464567 0.51181102 0.13582677,
  -3.3598508 0.51181102 0.13451229,-3.3727337 0.51181102 0.13061902] }
 coordIndex [
  5,1,0,-1,6,2,1,-1,6,1,5,-1,7,3,2,-1,7,2,6,-1,4,3,7,-1]
  normalPerVertex TRUE
  normal DEF NORM_217 Normal { vector [
  0 1 0,0 1 0,
  0 1 0,0 1 0,
  0 1 0,0 1 0,
  0 1 0,0 1 0] }
}
}
DEF SHAPE_218 Shape {
 appearance USE APP_4
 geometry DEF FACE_218 IndexedFaceSet {
  coord DEF COORD_218 Coordinate { point [
  -3.3464567 0.51181102 0.13582677,-3.3598508 0.51181102 0.13451229,
  -3.3727337 0.51181102 0.13061902,-3.3846141 0.51181102 0.1242955,
  -3.3846141 0.27559055 0.1242955,-3.3464567 0.27559055 0.13582677,
  -3.3598508 0.27559055 0.13451229,-3.3727337 0.27559055 0.13061902] }
 coordIndex [
  6,1,0,-1,6,0,5,-1,7,2,1,-1,7,1,6,-1,4,3,2,-1,4,2,7,-1]
  normalPerVertex TRUE
  normal DEF NORM_218 Normal { vector [
  0.097669632 0 -0.99521889,0.22637306 0 -0.97404068,
  0.41141285 0 -0.9114491,0.46985626 0 -0.88274294,
  0.46985626 0 -0.88274294,0.097669632 0 -0.99521889,
  0.16222972 0 -0.98675302,0.35096463 0 -0.93638872] }
}
}
DEF SHAPE_219 Shape {
 appearance USE APP_4
 geometry DEF FACE_219 IndexedFaceSet {
  coord DEF COORD_219 Coordinate { point [
  -3.3464567 0.27559055 0.13582677,-3.3598508 0.27559055 0.13451229,
  -3.3727337 0.27559055 0.13061902,-3.3846141 0.27559055 0.1242955,
  -3.4391246 0.27559055 0.20624744,-3.3464567 0.27559055 0.23425197,
  -3.3789851 0.27559055 0.23105966,-3.4102724 0.27559055 0.22160456] }
 coordIndex [
  6,1,0,-1,6,0,5,-1,7,2,1,-1,7,3,2,-1,7,1,6,-1,4,3,7,-1]
  normalPerVertex TRUE
  normal DEF NORM_219 Normal { vector [
  0 -1 0,0 -1 0,
  0 -1 0,0 -1 0,
  0 -1 0,0 -1 0,
  0 -1 0,0 -1 0] }
}
}
DEF SHAPE_220 Shape {
 appearance USE APP_4
 geometry DEF FACE_220 IndexedFaceSet {
  coord DEF COORD_220 Coordinate { point [
  -3.4391246 0.27559055 0.20624744,-3.5838899 0.27559055 0.10995647,
  -3.4391246 0.51181102 0.20624744,-3.5838899 0.51181102 0.10995647] }
 coordIndex [
  3,1,0,-1,3,0,2,-1]
  normalPerVertex TRUE
  normal DEF NORM_220 Normal { vector [
  -0.553827 0 0.83263176,-0.553827 0 0.83263176,
  -0.553827 0 0.83263176,-0.553827 0 0.83263176] }
}
}
DEF SHAPE_221 Shape {
 appearance USE APP_4
 geometry DEF FACE_221 IndexedFaceSet {
  coord DEF COORD_221 Coordinate { point [
  -3.4391246 0.51181102 0.20624744,-3.5838899 0.51181102 0.10995647,
  -3.3846141 0.51181102 0.1242955,-3.5293793 0.51181102 0.028004528] }
 coordIndex [
  1,0,2,-1,3,1,2,-1]
  normalPerVertex TRUE
  normal DEF NORM_221 Normal { vector [
  0 1 0,0 1 0,
  0 1 0,0 1 0] }
}
}
DEF SHAPE_222 Shape {
 appearance USE APP_4
 geometry DEF FACE_222 IndexedFaceSet {
  coord DEF COORD_222 Coordinate { point [
  -3.3846141 0.51181102 0.1242955,-3.5293793 0.51181102 0.028004528,
  -3.3846141 0.27559055 0.1242955,-3.5293793 0.27559055 0.028004528] }
 coordIndex [
  3,1,0,-1,3,0,2,-1]
  normalPerVertex TRUE
  normal DEF NORM_222 Normal { vector [
  0.553827 0 -0.83263176,0.553827 0 -0.83263176,
  0.553827 0 -0.83263176,0.553827 0 -0.83263176] }
}
}
DEF SHAPE_223 Shape {
 appearance USE APP_4
 geometry DEF FACE_223 IndexedFaceSet {
  coord DEF COORD_223 Coordinate { point [
  -3.3846141 0.27559055 0.1242955,-3.5293793 0.27559055 0.028004528,
  -3.4391246 0.27559055 0.20624744,-3.5838899 0.27559055 0.10995647] }
 coordIndex [
  3,1,0,-1,3,0,2,-1]
  normalPerVertex TRUE
  normal DEF NORM_223 Normal { vector [
  0 -1 0,0 -1 0,
  0 -1 0,0 -1 0] }
}
}
DEF SHAPE_224 Shape {
 appearance USE APP_4
 geometry DEF FACE_224 IndexedFaceSet {
  coord DEF COORD_224 Coordinate { point [
  -3.5838899 0.27559055 0.10995647,-3.5957702 0.27559055 0.10363295,
  -3.6086532 0.27559055 0.099739675,-3.6220472 0.27559055 0.098425197,
  -3.6220472 0.51181102 0.098425197,-3.5838899 0.51181102 0.10995647,
  -3.5957702 0.51181102 0.10363295,-3.6086532 0.51181102 0.099739675] }
 coordIndex [
  6,1,0,-1,6,0,5,-1,7,2,1,-1,7,3,2,-1,7,1,6,-1,4,3,7,-1]
  normalPerVertex TRUE
  normal DEF NORM_224 Normal { vector [
  -0.46985626 0 0.88274294,-0.35096463 0 0.93638872,
  -0.19440533 0 0.98092129,-0.097669632 0 0.99521889,
  -0.097669632 0 0.99521889,-0.46985626 0 0.88274294,
  -0.41141285 0 0.9114491,-0.19440533 0 0.98092129] }
}
}
DEF SHAPE_225 Shape {
 appearance USE APP_4
 geometry DEF FACE_225 IndexedFaceSet {
  coord DEF COORD_225 Coordinate { point [
  -3.5838899 0.51181102 0.10995647,-3.5957702 0.51181102 0.10363295,
  -3.6086532 0.51181102 0.099739675,-3.6220472 0.51181102 0.098425197,
  -3.6220472 0.51181102 0,-3.5293793 0.51181102 0.028004528,
  -3.5582315 0.51181102 0.012647408,-3.5895188 0.51181102 0.0031923045] }
 coordIndex [
  5,1,0,-1,6,2,1,-1,6,1,5,-1,7,3,2,-1,7,2,6,-1,4,3,7,-1]
  normalPerVertex TRUE
  normal DEF NORM_225 Normal { vector [
  0 1 0,0 1 0,
  0 1 0,0 1 0,
  0 1 0,0 1 0,
  0 1 0,0 1 0] }
}
}
DEF SHAPE_226 Shape {
 appearance USE APP_4
 geometry DEF FACE_226 IndexedFaceSet {
  coord DEF COORD_226 Coordinate { point [
  -3.5293793 0.51181102 0.028004528,-3.5293793 0.27559055 0.028004528,
  -3.5582315 0.27559055 0.012647408,-3.5895188 0.27559055 0.0031923045,
  -3.6220472 0.27559055 0,-3.6220472 0.51181102 0,
  -3.5582315 0.51181102 0.012647408,-3.5895188 0.51181102 0.0031923045] }
 coordIndex [
  4,5,7,-1,3,4,7,-1,2,7,6,-1,2,3,7,-1,1,6,0,-1,1,2,6,-1]
  normalPerVertex TRUE
  normal DEF NORM_226 Normal { vector [
  0.46985626 0 -0.88274294,0.46985626 0 -0.88274294,
  0.35096463 0 -0.93638872,0.19440533 0 -0.98092129,
  0.097669632 0 -0.99521889,0.097669632 0 -0.99521889,
  0.41141285 0 -0.9114491,0.19440533 0 -0.98092129] }
}
}
DEF SHAPE_227 Shape {
 appearance USE APP_4
 geometry DEF FACE_227 IndexedFaceSet {
  coord DEF COORD_227 Coordinate { point [
  -3.5293793 0.27559055 0.028004528,-3.5582315 0.27559055 0.012647408,
  -3.5895188 0.27559055 0.0031923045,-3.6220472 0.27559055 0,
  -3.6220472 0.27559055 0.098425197,-3.5838899 0.27559055 0.10995647,
  -3.5957702 0.27559055 0.10363295,-3.6086532 0.27559055 0.099739675] }
 coordIndex [
  6,1,0,-1,6,0,5,-1,7,2,1,-1,7,1,6,-1,4,3,2,-1,4,2,7,-1]
  normalPerVertex TRUE
  normal DEF NORM_227 Normal { vector [
  0 -1 0,0 -1 0,
  0 -1 0,0 -1 0,
  0 -1 0,0 -1 0,
  0 -1 0,0 -1 0] }
}
}
DEF SHAPE_228 Shape {
 appearance USE APP_4
 geometry DEF FACE_228 IndexedFaceSet {
  coord DEF COORD_228 Coordinate { point [
  -3.6220472 0.27559055 0.098425197,-4.0944882 0.27559055 0.098425197,
  -3.6220472 0.51181102 0.098425197,-4.0944882 0.51181102 0.098425197] }
 coordIndex [
  3,1,0,-1,3,0,2,-1]
  normalPerVertex TRUE
  normal DEF NORM_228 Normal { vector [
  0 0 1,0 0 1,
  0 0 1,0 0 1] }
}
}
DEF SHAPE_229 Shape {
 appearance USE APP_4
 geometry DEF FACE_229 IndexedFaceSet {
  coord DEF COORD_229 Coordinate { point [
  -4.0944882 0.27559055 0.098425197,-4.0944882 0.51181102 0.098425197,
  -4.0944882 0.51181102 0,-4.0944882 0.27559055 0] }
 coordIndex [
  3,0,1,-1,3,1,2,-1]
  normalPerVertex TRUE
  normal DEF NORM_229 Normal { vector [
  -1 0 0,-1 0 0,
  -1 0 0,-1 0 0] }
}
}
DEF SHAPE_230 Shape {
 appearance USE APP_4
 geometry DEF FACE_230 IndexedFaceSet {
  coord DEF COORD_230 Coordinate { point [
  -3.6220472 0.51181102 0.098425197,-4.0944882 0.51181102 0.098425197,
  -3.6220472 0.51181102 0,-4.0944882 0.51181102 0] }
 coordIndex [
  1,0,2,-1,3,1,2,-1]
  normalPerVertex TRUE
  normal DEF NORM_230 Normal { vector [
  0 1 0,0 1 0,
  0 1 0,0 1 0] }
}
}
DEF SHAPE_231 Shape {
 appearance USE APP_4
 geometry DEF FACE_231 IndexedFaceSet {
  coord DEF COORD_231 Coordinate { point [
  -3.6220472 0.51181102 0,-4.0944882 0.51181102 0,
  -3.6220472 0.27559055 0,-4.0944882 0.27559055 0] }
 coordIndex [
  3,1,0,-1,3,0,2,-1]
  normalPerVertex TRUE
  normal DEF NORM_231 Normal { vector [
  0 0 -1,0 0 -1,
  0 0 -1,0 0 -1] }
}
}
DEF SHAPE_232 Shape {
 appearance USE APP_4
 geometry DEF FACE_232 IndexedFaceSet {
  coord DEF COORD_232 Coordinate { point [
  -3.6220472 0.27559055 0,-4.0944882 0.27559055 0,
  -3.6220472 0.27559055 0.098425197,-4.0944882 0.27559055 0.098425197] }
 coordIndex [
  3,1,0,-1,3,0,2,-1]
  normalPerVertex TRUE
  normal DEF NORM_232 Normal { vector [
  0 -1 0,0 -1 0,
  0 -1 0,0 -1 0] }
}
}
] }
DEF TXFM_14 Transform {
  center 0 0 0
  rotation 0 0 1 0
  scale 1 1 1
  scaleOrientation 0 0 1 0
  translation 0 0 0
 children [
DEF SHAPE_233 Shape {
 appearance USE APP_4
 geometry DEF FACE_233 IndexedFaceSet {
  coord DEF COORD_233 Coordinate { point [
  -3.1102362 1.2598425 0.23425197,-3.1102362 1.496063 0.23425197,
  -3.1102362 1.496063 0.13582677,-3.1102362 1.2598425 0.13582677] }
 coordIndex [
  0,2,1,-1,0,3,2,-1]
  normalPerVertex TRUE
  normal DEF NORM_233 Normal { vector [
  1 0 0,1 0 0,
  1 0 0,1 0 0] }
}
}
DEF SHAPE_234 Shape {
 appearance USE APP_4
 geometry DEF FACE_234 IndexedFaceSet {
  coord DEF COORD_234 Coordinate { point [
  -3.1102362 1.2598425 0.23425197,-3.3464567 1.2598425 0.23425197,
  -3.1102362 1.496063 0.23425197,-3.3464567 1.496063 0.23425197] }
 coordIndex [
  3,1,0,-1,3,0,2,-1]
  normalPerVertex TRUE
  normal DEF NORM_234 Normal { vector [
  0 0 1,0 0 1,
  0 0 1,0 0 1] }
}
}
DEF SHAPE_235 Shape {
 appearance USE APP_4
 geometry DEF FACE_235 IndexedFaceSet {
  coord DEF COORD_235 Coordinate { point [
  -3.1102362 1.496063 0.23425197,-3.3464567 1.496063 0.23425197,
  -3.1102362 1.496063 0.13582677,-3.3464567 1.496063 0.13582677] }
 coordIndex [
  3,1,0,-1,3,0,2,-1]
  normalPerVertex TRUE
  normal DEF NORM_235 Normal { vector [
  0 1 0,0 1 0,
  0 1 0,0 1 0] }
}
}
DEF SHAPE_236 Shape {
 appearance USE APP_4
 geometry DEF FACE_236 IndexedFaceSet {
  coord DEF COORD_236 Coordinate { point [
  -3.1102362 1.496063 0.13582677,-3.3464567 1.496063 0.13582677,
  -3.1102362 1.2598425 0.13582677,-3.3464567 1.2598425 0.13582677] }
 coordIndex [
  3,1,0,-1,3,0,2,-1]
  normalPerVertex TRUE
  normal DEF NORM_236 Normal { vector [
  0 0 -1,0 0 -1,
  0 0 -1,0 0 -1] }
}
}
DEF SHAPE_237 Shape {
 appearance USE APP_4
 geometry DEF FACE_237 IndexedFaceSet {
  coord DEF COORD_237 Coordinate { point [
  -3.1102362 1.2598425 0.13582677,-3.3464567 1.2598425 0.13582677,
  -3.1102362 1.2598425 0.23425197,-3.3464567 1.2598425 0.23425197] }
 coordIndex [
  3,1,0,-1,3,0,2,-1]
  normalPerVertex TRUE
  normal DEF NORM_237 Normal { vector [
  0 -1 0,0 -1 0,
  0 -1 0,0 -1 0] }
}
}
DEF SHAPE_238 Shape {
 appearance USE APP_4
 geometry DEF FACE_238 IndexedFaceSet {
  coord DEF COORD_238 Coordinate { point [
  -3.3464567 1.2598425 0.23425197,-3.3464567 1.496063 0.23425197,
  -3.3789851 1.496063 0.23105966,-3.4102724 1.496063 0.22160456,
  -3.4391246 1.496063 0.20624744,-3.4391246 1.2598425 0.20624744,
  -3.3789851 1.2598425 0.23105966,-3.4102724 1.2598425 0.22160456] }
 coordIndex [
  3,4,5,-1,3,5,7,-1,2,7,6,-1,2,3,7,-1,1,6,0,-1,1,2,6,-1]
  normalPerVertex TRUE
  normal DEF NORM_238 Normal { vector [
  -0.097669632 0 0.99521889,-0.097669632 0 0.99521889,
  -0.22637306 0 0.97404068,-0.41141285 0 0.9114491,
  -0.46985626 0 0.88274294,-0.46985626 0 0.88274294,
  -0.16222972 0 0.98675302,-0.35096463 0 0.93638872] }
}
}
DEF SHAPE_239 Shape {
 appearance USE APP_4
 geometry DEF FACE_239 IndexedFaceSet {
  coord DEF COORD_239 Coordinate { point [
  -3.3464567 1.496063 0.23425197,-3.3789851 1.496063 0.23105966,
  -3.4102724 1.496063 0.22160456,-3.4391246 1.496063 0.20624744,
  -3.3846141 1.496063 0.1242955,-3.3464567 1.496063 0.13582677,
  -3.3598508 1.496063 0.13451229,-3.3727337 1.496063 0.13061902] }
 coordIndex [
  5,1,0,-1,6,2,1,-1,6,1,5,-1,7,3,2,-1,7,2,6,-1,4,3,7,-1]
  normalPerVertex TRUE
  normal DEF NORM_239 Normal { vector [
  0 1 0,0 1 0,
  0 1 0,0 1 0,
  0 1 0,0 1 0,
  0 1 0,0 1 0] }
}
}
DEF SHAPE_240 Shape {
 appearance USE APP_4
 geometry DEF FACE_240 IndexedFaceSet {
  coord DEF COORD_240 Coordinate { point [
  -3.3464567 1.496063 0.13582677,-3.3598508 1.496063 0.13451229,
  -3.3727337 1.496063 0.13061902,-3.3846141 1.496063 0.1242955,
  -3.3846141 1.2598425 0.1242955,-3.3464567 1.2598425 0.13582677,
  -3.3598508 1.2598425 0.13451229,-3.3727337 1.2598425 0.13061902] }
 coordIndex [
  6,1,0,-1,6,0,5,-1,7,2,1,-1,7,1,6,-1,4,3,2,-1,4,2,7,-1]
  normalPerVertex TRUE
  normal DEF NORM_240 Normal { vector [
  0.097669632 0 -0.99521889,0.22637306 0 -0.97404068,
  0.41141285 0 -0.9114491,0.46985626 0 -0.88274294,
  0.46985626 0 -0.88274294,0.097669632 0 -0.99521889,
  0.16222972 0 -0.98675302,0.35096463 0 -0.93638872] }
}
}
DEF SHAPE_241 Shape {
 appearance USE APP_4
 geometry DEF FACE_241 IndexedFaceSet {
  coord DEF COORD_241 Coordinate { point [
  -3.3464567 1.2598425 0.13582677,-3.3598508 1.2598425 0.13451229,
  -3.3727337 1.2598425 0.13061902,-3.3846141 1.2598425 0.1242955,
  -3.4391246 1.2598425 0.20624744,-3.3464567 1.2598425 0.23425197,
  -3.3789851 1.2598425 0.23105966,-3.4102724 1.2598425 0.22160456] }
 coordIndex [
  6,1,0,-1,6,0,5,-1,7,2,1,-1,7,3,2,-1,7,1,6,-1,4,3,7,-1]
  normalPerVertex TRUE
  normal DEF NORM_241 Normal { vector [
  0 -1 0,0 -1 0,
  0 -1 0,0 -1 0,
  0 -1 0,0 -1 0,
  0 -1 0,0 -1 0] }
}
}
DEF SHAPE_242 Shape {
 appearance USE APP_4
 geometry DEF FACE_242 IndexedFaceSet {
  coord DEF COORD_242 Coordinate { point [
  -3.4391246 1.2598425 0.20624744,-3.5838899 1.2598425 0.10995647,
  -3.4391246 1.496063 0.20624744,-3.5838899 1.496063 0.10995647] }
 coordIndex [
  3,1,0,-1,3,0,2,-1]
  normalPerVertex TRUE
  normal DEF NORM_242 Normal { vector [
  -0.553827 0 0.83263176,-0.553827 0 0.83263176,
  -0.553827 0 0.83263176,-0.553827 0 0.83263176] }
}
}
DEF SHAPE_243 Shape {
 appearance USE APP_4
 geometry DEF FACE_243 IndexedFaceSet {
  coord DEF COORD_243 Coordinate { point [
  -3.4391246 1.496063 0.20624744,-3.5838899 1.496063 0.10995647,
  -3.3846141 1.496063 0.1242955,-3.5293793 1.496063 0.028004528] }
 coordIndex [
  1,0,2,-1,3,1,2,-1]
  normalPerVertex TRUE
  normal DEF NORM_243 Normal { vector [
  0 1 0,0 1 0,
  0 1 0,0 1 0] }
}
}
DEF SHAPE_244 Shape {
 appearance USE APP_4
 geometry DEF FACE_244 IndexedFaceSet {
  coord DEF COORD_244 Coordinate { point [
  -3.3846141 1.496063 0.1242955,-3.5293793 1.496063 0.028004528,
  -3.3846141 1.2598425 0.1242955,-3.5293793 1.2598425 0.028004528] }
 coordIndex [
  3,1,0,-1,3,0,2,-1]
  normalPerVertex TRUE
  normal DEF NORM_244 Normal { vector [
  0.553827 0 -0.83263176,0.553827 0 -0.83263176,
  0.553827 0 -0.83263176,0.553827 0 -0.83263176] }
}
}
DEF SHAPE_245 Shape {
 appearance USE APP_4
 geometry DEF FACE_245 IndexedFaceSet {
  coord DEF COORD_245 Coordinate { point [
  -3.3846141 1.2598425 0.1242955,-3.5293793 1.2598425 0.028004528,
  -3.4391246 1.2598425 0.20624744,-3.5838899 1.2598425 0.10995647] }
 coordIndex [
  3,1,0,-1,3,0,2,-1]
  normalPerVertex TRUE
  normal DEF NORM_245 Normal { vector [
  0 -1 0,0 -1 0,
  0 -1 0,0 -1 0] }
}
}
DEF SHAPE_246 Shape {
 appearance USE APP_4
 geometry DEF FACE_246 IndexedFaceSet {
  coord DEF COORD_246 Coordinate { point [
  -3.5838899 1.2598425 0.10995647,-3.5957702 1.2598425 0.10363295,
  -3.6086532 1.2598425 0.099739675,-3.6220472 1.2598425 0.098425197,
  -3.6220472 1.496063 0.098425197,-3.5838899 1.496063 0.10995647,
  -3.5957702 1.496063 0.10363295,-3.6086532 1.496063 0.099739675] }
 coordIndex [
  6,1,0,-1,6,0,5,-1,7,2,1,-1,7,3,2,-1,7,1,6,-1,4,3,7,-1]
  normalPerVertex TRUE
  normal DEF NORM_246 Normal { vector [
  -0.46985626 0 0.88274294,-0.35096463 0 0.93638872,
  -0.19440533 0 0.98092129,-0.097669632 0 0.99521889,
  -0.097669632 0 0.99521889,-0.46985626 0 0.88274294,
  -0.41141285 0 0.9114491,-0.19440533 0 0.98092129] }
}
}
DEF SHAPE_247 Shape {
 appearance USE APP_4
 geometry DEF FACE_247 IndexedFaceSet {
  coord DEF COORD_247 Coordinate { point [
  -3.5838899 1.496063 0.10995647,-3.5957702 1.496063 0.10363295,
  -3.6086532 1.496063 0.099739675,-3.6220472 1.496063 0.098425197,
  -3.6220472 1.496063 0,-3.5293793 1.496063 0.028004528,
  -3.5582315 1.496063 0.012647408,-3.5895188 1.496063 0.0031923045] }
 coordIndex [
  5,1,0,-1,6,2,1,-1,6,1,5,-1,7,3,2,-1,7,2,6,-1,4,3,7,-1]
  normalPerVertex TRUE
  normal DEF NORM_247 Normal { vector [
  0 1 0,0 1 0,
  0 1 0,0 1 0,
  0 1 0,0 1 0,
  0 1 0,0 1 0] }
}
}
DEF SHAPE_248 Shape {
 appearance USE APP_4
 geometry DEF FACE_248 IndexedFaceSet {
  coord DEF COORD_248 Coordinate { point [
  -3.5293793 1.496063 0.028004528,-3.5293793 1.2598425 0.028004528,
  -3.5582315 1.2598425 0.012647408,-3.5895188 1.2598425 0.0031923045,
  -3.6220472 1.2598425 0,-3.6220472 1.496063 0,
  -3.5582315 1.496063 0.012647408,-3.5895188 1.496063 0.0031923045] }
 coordIndex [
  4,5,7,-1,3,4,7,-1,2,7,6,-1,2,3,7,-1,1,6,0,-1,1,2,6,-1]
  normalPerVertex TRUE
  normal DEF NORM_248 Normal { vector [
  0.46985626 0 -0.88274294,0.46985626 0 -0.88274294,
  0.35096463 0 -0.93638872,0.19440533 0 -0.98092129,
  0.097669632 0 -0.99521889,0.097669632 0 -0.99521889,
  0.41141285 0 -0.9114491,0.19440533 0 -0.98092129] }
}
}
DEF SHAPE_249 Shape {
 appearance USE APP_4
 geometry DEF FACE_249 IndexedFaceSet {
  coord DEF COORD_249 Coordinate { point [
  -3.5293793 1.2598425 0.028004528,-3.5582315 1.2598425 0.012647408,
  -3.5895188 1.2598425 0.0031923045,-3.6220472 1.2598425 0,
  -3.6220472 1.2598425 0.098425197,-3.5838899 1.2598425 0.10995647,
  -3.5957702 1.2598425 0.10363295,-3.6086532 1.2598425 0.099739675] }
 coordIndex [
  6,1,0,-1,6,0,5,-1,7,2,1,-1,7,1,6,-1,4,3,2,-1,4,2,7,-1]
  normalPerVertex TRUE
  normal DEF NORM_249 Normal { vector [
  0 -1 0,0 -1 0,
  0 -1 0,0 -1 0,
  0 -1 0,0 -1 0,
  0 -1 0,0 -1 0] }
}
}
DEF SHAPE_250 Shape {
 appearance USE APP_4
 geometry DEF FACE_250 IndexedFaceSet {
  coord DEF COORD_250 Coordinate { point [
  -3.6220472 1.2598425 0.098425197,-4.0944882 1.2598425 0.098425197,
  -3.6220472 1.496063 0.098425197,-4.0944882 1.496063 0.098425197] }
 coordIndex [
  3,1,0,-1,3,0,2,-1]
  normalPerVertex TRUE
  normal DEF NORM_250 Normal { vector [
  0 0 1,0 0 1,
  0 0 1,0 0 1] }
}
}
DEF SHAPE_251 Shape {
 appearance USE APP_4
 geometry DEF FACE_251 IndexedFaceSet {
  coord DEF COORD_251 Coordinate { point [
  -4.0944882 1.2598425 0.098425197,-4.0944882 1.496063 0.098425197,
  -4.0944882 1.496063 0,-4.0944882 1.2598425 0] }
 coordIndex [
  3,0,1,-1,3,1,2,-1]
  normalPerVertex TRUE
  normal DEF NORM_251 Normal { vector [
  -1 0 0,-1 0 0,
  -1 0 0,-1 0 0] }
}
}
DEF SHAPE_252 Shape {
 appearance USE APP_4
 geometry DEF FACE_252 IndexedFaceSet {
  coord DEF COORD_252 Coordinate { point [
  -3.6220472 1.496063 0.098425197,-4.0944882 1.496063 0.098425197,
  -3.6220472 1.496063 0,-4.0944882 1.496063 0] }
 coordIndex [
  1,0,2,-1,3,1,2,-1]
  normalPerVertex TRUE
  normal DEF NORM_252 Normal { vector [
  0 1 0,0 1 0,
  0 1 0,0 1 0] }
}
}
DEF SHAPE_253 Shape {
 appearance USE APP_4
 geometry DEF FACE_253 IndexedFaceSet {
  coord DEF COORD_253 Coordinate { point [
  -3.6220472 1.496063 0,-4.0944882 1.496063 0,
  -3.6220472 1.2598425 0,-4.0944882 1.2598425 0] }
 coordIndex [
  3,1,0,-1,3,0,2,-1]
  normalPerVertex TRUE
  normal DEF NORM_253 Normal { vector [
  0 0 -1,0 0 -1,
  0 0 -1,0 0 -1] }
}
}
DEF SHAPE_254 Shape {
 appearance USE APP_4
 geometry DEF FACE_254 IndexedFaceSet {
  coord DEF COORD_254 Coordinate { point [
  -3.6220472 1.2598425 0,-4.0944882 1.2598425 0,
  -3.6220472 1.2598425 0.098425197,-4.0944882 1.2598425 0.098425197] }
 coordIndex [
  3,1,0,-1,3,0,2,-1]
  normalPerVertex TRUE
  normal DEF NORM_254 Normal { vector [
  0 -1 0,0 -1 0,
  0 -1 0,0 -1 0] }
}
}
] }
] }
] }
